                  epoch,         train/box_loss,         train/cls_loss,         train/dfl_loss,   metrics/precision(B),      metrics/recall(B),       metrics/mAP50(B),    metrics/mAP50-95(B),           val/box_loss,           val/cls_loss,           val/dfl_loss,                 lr/pg0,                 lr/pg1,                 lr/pg2,,,,,
0,3.6122,3.7234,3.1473,0.38358,0.07636,0.05171,0.02023,2.7819,2.7327,2.2328,0.0033272,0.0033272,0.0033272,,,,,
1,2.6306,2.7547,2.0362,0.12092,0.13816,0.09117,0.03972,2.3343,2.3068,1.8202,0.0066473,0.0066473,0.0066473,,,,,
2,2.3201,2.392,1.7309,0.19855,0.14411,0.11698,0.05517,2.1038,2.0339,1.6346,0.0099543,0.0099543,0.0099543,,,,,
3,2.0875,2.092,1.5666,0.20046,0.18082,0.14283,0.07389,1.9573,1.922,1.5177,0.0099406,0.0099406,0.0099406,,,,,
4,1.9288,1.8565,1.4657,0.27901,0.23101,0.19397,0.10165,1.7786,1.6317,1.4043,0.0099406,0.0099406,0.0099406,,,,,
5,1.8364,1.7215,1.3979,0.32153,0.25125,0.22701,0.12129,1.6983,1.5425,1.3598,0.0099208,0.0099208,0.0099208,,,,,
6,1.7599,1.6052,1.3617,0.30351,0.27128,0.24043,0.13256,1.6697,1.4748,1.3388,0.009901,0.009901,0.009901,,,,,
7,1.716,1.5437,1.3375,0.36256,0.27413,0.26098,0.14431,1.6121,1.4282,1.3104,0.0098812,0.0098812,0.0098812,,,,,"YOLOv8s-XYWNet-maxf summary (fused): 338 layers, 6373016 parameters, 0 gradients"
8,1.694,1.5058,1.3169,0.38775,0.29772,0.28753,0.15859,1.5962,1.3947,1.2902,0.0098614,0.0098614,0.0098614,,,,,"val: Scanning D:\pycharm\PyCharm Community Edition 2023.2.1\dataset\VisDrone\VisDrone2019-DET-val\labels.cache... 548 images, 0 backgrounds, 0 corrupt: 100%|鈻堚枅鈻堚枅鈻堚枅鈻堚枅鈻堚枅| 548/548 [00:00<?, ?it/s]"
9,1.6883,1.5095,1.2918,0.37182,0.29651,0.28284,0.15739,1.6256,1.4682,1.2737,0.0098416,0.0098416,0.0098416,,,,,"                 Class     Images  Instances      Box(P          R      mAP50  mAP50-95): 100%|鈻堚枅鈻堚枅鈻堚枅鈻堚枅鈻堚枅| 137/137 [00:21<00:00,  6.46it/s]"
10,1.6931,1.5283,1.2633,0.40062,0.31277,0.30188,0.16959,1.6006,1.4018,1.2461,0.0098218,0.0098218,0.0098218,,,,,                   all        548      38759      0.599      0.497      0.524      0.323
11,1.6738,1.4893,1.2414,0.42249,0.32624,0.32486,0.18574,1.5582,1.3587,1.2228,0.009802,0.009802,0.009802,,,,,            pedestrian        548       8844      0.704      0.522      0.604      0.305
12,1.647,1.4556,1.2299,0.42259,0.34076,0.33133,0.19009,1.5478,1.3461,1.2163,0.0097822,0.0097822,0.0097822,,,,,                people        548       5125      0.616      0.456      0.486       0.21
13,1.6265,1.4353,1.2191,0.445,0.32446,0.32769,0.18873,1.5454,1.3418,1.2112,0.0097624,0.0097624,0.0097624,,,,,               bicycle        548       1287      0.382      0.305      0.289       0.14
14,1.6102,1.413,1.216,0.43444,0.3452,0.34288,0.19666,1.5208,1.3158,1.2004,0.0097426,0.0097426,0.0097426,,,,,                   car        548      14064      0.814      0.836      0.873      0.647
15,1.5972,1.3819,1.2054,0.43708,0.35219,0.34401,0.19879,1.5098,1.2964,1.1929,0.0097228,0.0097228,0.0097228,,,,,                   van        548       1975      0.617      0.529      0.561      0.408
16,1.596,1.378,1.2014,0.44587,0.35311,0.34921,0.20194,1.5203,1.3067,1.1984,0.009703,0.009703,0.009703,,,,,                 truck        548        750      0.609      0.432      0.456      0.306
17,1.5768,1.354,1.1935,0.4549,0.37105,0.36802,0.21182,1.4894,1.2741,1.1827,0.0096832,0.0096832,0.0096832,,,,,              tricycle        548       1045      0.519      0.411      0.417      0.243
18,1.5759,1.3382,1.1873,0.46109,0.37077,0.37349,0.21543,1.4883,1.2487,1.1843,0.0096634,0.0096634,0.0096634,,,,,       awning-tricycle        548        532      0.389      0.278       0.26      0.163
19,1.5486,1.3144,1.1823,0.46804,0.37821,0.37395,0.21771,1.4701,1.2453,1.1728,0.0096436,0.0096436,0.0096436,,,,,                   bus        548        251      0.695      0.618      0.686      0.498
20,1.5427,1.3108,1.1856,0.46931,0.36898,0.37384,0.21864,1.4728,1.2518,1.1768,0.0096238,0.0096238,0.0096238,,,,,                 motor        548       4886      0.644      0.584      0.608      0.305
21,1.5426,1.2969,1.174,0.47378,0.37719,0.38148,0.22052,1.4668,1.2317,1.1701,0.009604,0.009604,0.009604,,,,,"Speed: 0.1ms preprocess, 26.1ms inference, 0.0ms loss, 1.6ms postprocess per image"
22,1.5163,1.2708,1.1688,0.48413,0.37542,0.38933,0.22735,1.4468,1.2117,1.1614,0.0095842,0.0095842,0.0095842,,,,,
23,1.5225,1.2724,1.167,0.48686,0.38267,0.39006,0.22796,1.4502,1.2083,1.1615,0.0095644,0.0095644,0.0095644,,,,,
24,1.5139,1.258,1.1644,0.50141,0.38199,0.39753,0.23042,1.4526,1.2076,1.1612,0.0095446,0.0095446,0.0095446,,,,,
25,1.5126,1.2569,1.159,0.48833,0.38884,0.39913,0.23351,1.4365,1.193,1.1558,0.0095248,0.0095248,0.0095248,,,,,
26,1.5013,1.2417,1.1572,0.49984,0.39653,0.40534,0.23851,1.4306,1.1804,1.1498,0.009505,0.009505,0.009505,,,,,
27,1.4998,1.2385,1.1575,0.48747,0.39656,0.40467,0.23747,1.4374,1.1824,1.1513,0.0094852,0.0094852,0.0094852,,,,,
28,1.4912,1.2259,1.1508,0.49125,0.40591,0.41305,0.24455,1.4174,1.1683,1.1445,0.0094654,0.0094654,0.0094654,,,,,
29,1.4919,1.2201,1.1513,0.49731,0.40783,0.41166,0.24375,1.4224,1.1674,1.1462,0.0094456,0.0094456,0.0094456,,,,,
30,1.4958,1.2158,1.149,0.51383,0.40667,0.41875,0.24668,1.412,1.1542,1.1398,0.0094258,0.0094258,0.0094258,,,,, Average Precision  (AP) @[ IoU=0.50:0.95 | area=   all | maxDets=100 ] = 0.306
31,1.4789,1.203,1.147,0.50108,0.41067,0.41725,0.24608,1.421,1.1625,1.143,0.009406,0.009406,0.009406,,,,, Average Precision  (AP) @[ IoU=0.50      | area=   all | maxDets=100 ] = 0.506
32,1.4725,1.1963,1.1497,0.51627,0.40682,0.42225,0.25066,1.4095,1.1503,1.1374,0.0093862,0.0093862,0.0093862,,,,, Average Precision  (AP) @[ IoU=0.75      | area=   all | maxDets=100 ] = 0.314
33,1.4745,1.1934,1.1432,0.51822,0.4166,0.42685,0.25155,1.4107,1.1517,1.137,0.0093664,0.0093664,0.0093664,,,,, Average Precision  (AP) @[ IoU=0.50:0.95 | area= vtiny | maxDets=100 ] = 0.052
34,1.4681,1.1887,1.1389,0.51041,0.41498,0.42826,0.25544,1.4027,1.1387,1.1351,0.0093466,0.0093466,0.0093466,,,,, Average Precision  (AP) @[ IoU=0.50:0.95 | area=  tiny | maxDets=100 ] = 0.144
35,1.4659,1.1882,1.1396,0.52197,0.41135,0.42973,0.25455,1.4017,1.1325,1.134,0.0093268,0.0093268,0.0093268,,,,, Average Precision  (AP) @[ IoU=0.50:0.95 | area= small | maxDets=100 ] = 0.293
36,1.4573,1.1702,1.1293,0.51658,0.41665,0.4314,0.25644,1.3976,1.126,1.1321,0.009307,0.009307,0.009307,,,,, Average Precision  (AP) @[ IoU=0.50:0.95 | area=medium | maxDets=100 ] = 0.415
37,1.458,1.1645,1.1261,0.52412,0.41703,0.43268,0.25783,1.395,1.1252,1.1319,0.0092872,0.0092872,0.0092872,,,,, Average Precision  (AP) @[ IoU=0.50:0.95 | area= large | maxDets=100 ] = 0.426
38,1.4753,1.1769,1.1348,0.5275,0.42081,0.43744,0.2608,1.3913,1.1227,1.1297,0.0092674,0.0092674,0.0092674,,,,, Average Recall     (AR) @[ IoU=0.50:0.95 | area=   all | maxDets=  1 ] = 0.119
39,1.458,1.1601,1.1279,0.52449,0.42348,0.43871,0.26045,1.3886,1.1149,1.1284,0.0092476,0.0092476,0.0092476,,,,, Average Recall     (AR) @[ IoU=0.50:0.95 | area=   all | maxDets= 10 ] = 0.349
40,1.4549,1.1566,1.1329,0.52939,0.425,0.44246,0.26402,1.3887,1.1095,1.1277,0.0092278,0.0092278,0.0092278,,,,, Average Recall     (AR) @[ IoU=0.50:0.95 | area=   all | maxDets=100 ] = 0.461
41,1.4431,1.142,1.1221,0.53461,0.42258,0.43862,0.26351,1.3818,1.1117,1.1241,0.009208,0.009208,0.009208,,,,, Average Recall     (AR) @[ IoU=0.50:0.95 | area= small | maxDets=100 ] = 0.458
42,1.4495,1.145,1.1224,0.53517,0.42993,0.44781,0.26794,1.3816,1.1047,1.1245,0.0091882,0.0091882,0.0091882,,,,, Average Recall     (AR) @[ IoU=0.50:0.95 | area=medium | maxDets=100 ] = 0.582
43,1.4511,1.1397,1.1297,0.52348,0.43966,0.44774,0.26811,1.3763,1.1007,1.1206,0.0091684,0.0091684,0.0091684,,,,, Average Recall     (AR) @[ IoU=0.50:0.95 | area= large | maxDets=100 ] = 0.600
44,1.4306,1.1327,1.1229,0.52602,0.43787,0.45109,0.27171,1.3769,1.0954,1.1211,0.0091486,0.0091486,0.0091486,,,,,
45,1.4301,1.1308,1.1195,0.5449,0.42864,0.45034,0.26941,1.3811,1.0937,1.1235,0.0091288,0.0091288,0.0091288,,,,,
46,1.4399,1.1278,1.1162,0.54177,0.43608,0.45451,0.27244,1.3752,1.0927,1.121,0.009109,0.009109,0.009109,,,,,
47,1.4157,1.1106,1.1205,0.53364,0.43972,0.454,0.27249,1.3728,1.0895,1.1181,0.0090892,0.0090892,0.0090892,,,,,
48,1.4227,1.121,1.1178,0.54341,0.43501,0.45375,0.27258,1.3664,1.0839,1.1153,0.0090694,0.0090694,0.0090694,,,,,
49,1.4221,1.1083,1.1136,0.5431,0.43767,0.45702,0.27337,1.3641,1.0831,1.1149,0.0090496,0.0090496,0.0090496,,,,,
50,1.426,1.1067,1.1182,0.54693,0.43772,0.45997,0.27575,1.3644,1.0771,1.1151,0.0090298,0.0090298,0.0090298,,,,,
51,1.4202,1.1016,1.1139,0.54289,0.44034,0.45967,0.27448,1.3608,1.0795,1.112,0.00901,0.00901,0.00901,,,,,
52,1.4221,1.1045,1.1122,0.54572,0.44114,0.46247,0.27714,1.3633,1.079,1.1145,0.0089902,0.0089902,0.0089902,,,,,
53,1.4078,1.0984,1.1114,0.55075,0.44851,0.46239,0.27729,1.3579,1.0724,1.1128,0.0089704,0.0089704,0.0089704,,,,,
54,1.4199,1.1012,1.1138,0.54935,0.44446,0.46875,0.28079,1.3591,1.0711,1.1114,0.0089506,0.0089506,0.0089506,,,,,
55,1.4092,1.0966,1.1165,0.5335,0.45091,0.46627,0.28003,1.3583,1.0674,1.1115,0.0089308,0.0089308,0.0089308,,,,,
56,1.4128,1.0908,1.1106,0.55241,0.44736,0.47023,0.28366,1.3558,1.0658,1.1103,0.008911,0.008911,0.008911,,,,,
57,1.4114,1.0918,1.1169,0.54232,0.45152,0.46673,0.28093,1.3538,1.0626,1.1085,0.0088912,0.0088912,0.0088912,,,,,
58,1.4081,1.0852,1.1056,0.56219,0.44446,0.47166,0.28413,1.3519,1.0632,1.1078,0.0088714,0.0088714,0.0088714,,,,,
59,1.4099,1.0802,1.1037,0.55927,0.44635,0.47284,0.28473,1.3491,1.0623,1.1065,0.0088516,0.0088516,0.0088516,,,,,
60,1.3988,1.0752,1.1083,0.56106,0.44693,0.47399,0.28573,1.3495,1.0573,1.1061,0.0088318,0.0088318,0.0088318,,,,,
61,1.4035,1.0804,1.109,0.56173,0.45086,0.47618,0.28634,1.3489,1.0514,1.106,0.008812,0.008812,0.008812,,,,,
62,1.4014,1.0781,1.1083,0.56444,0.44728,0.47445,0.28626,1.3449,1.0505,1.1056,0.0087922,0.0087922,0.0087922,,,,,
63,1.4046,1.0751,1.1096,0.55578,0.44918,0.47416,0.28579,1.3451,1.0481,1.1038,0.0087724,0.0087724,0.0087724,,,,,
64,1.3979,1.059,1.1031,0.55363,0.45379,0.47561,0.28759,1.3457,1.0493,1.1038,0.0087526,0.0087526,0.0087526,,,,,
65,1.4057,1.0676,1.1052,0.56345,0.45225,0.47831,0.28909,1.341,1.0462,1.1023,0.0087328,0.0087328,0.0087328,,,,,
66,1.3968,1.0682,1.0998,0.5764,0.44853,0.47842,0.28922,1.3422,1.045,1.1018,0.008713,0.008713,0.008713,,,,,
67,1.3996,1.0594,1.1091,0.56517,0.45325,0.47787,0.29021,1.3408,1.0428,1.1028,0.0086932,0.0086932,0.0086932,,,,,
68,1.3826,1.0532,1.089,0.56452,0.45713,0.48032,0.29086,1.3385,1.04,1.1004,0.0086734,0.0086734,0.0086734,,,,,
69,1.3914,1.0565,1.0994,0.55799,0.46259,0.48312,0.29183,1.3406,1.0376,1.1014,0.0086536,0.0086536,0.0086536,,,,,
70,1.402,1.062,1.0958,0.56673,0.46009,0.48278,0.29175,1.3335,1.0356,1.0986,0.0086338,0.0086338,0.0086338,,,,,
71,1.388,1.0439,1.0963,0.56911,0.46114,0.48419,0.29192,1.3378,1.0377,1.1001,0.008614,0.008614,0.008614,,,,,
72,1.3946,1.0484,1.1005,0.56524,0.46055,0.4842,0.29244,1.3356,1.0332,1.1001,0.0085942,0.0085942,0.0085942,,,,,
73,1.3769,1.0321,1.0933,0.56538,0.46518,0.4853,0.29275,1.3334,1.0305,1.0981,0.0085744,0.0085744,0.0085744,,,,,
74,1.3752,1.0321,1.0939,0.5708,0.46064,0.486,0.29376,1.3328,1.0294,1.0983,0.0085546,0.0085546,0.0085546,,,,,
75,1.3841,1.0377,1.1008,0.56787,0.46537,0.48706,0.29441,1.3349,1.0289,1.0995,0.0085348,0.0085348,0.0085348,,,,,
76,1.3788,1.0357,1.091,0.57856,0.45473,0.48693,0.2944,1.3313,1.0241,1.097,0.008515,0.008515,0.008515,,,,,
77,1.3861,1.0437,1.092,0.57081,0.46487,0.48811,0.29609,1.3285,1.0228,1.0959,0.0084952,0.0084952,0.0084952,,,,,
78,1.3721,1.0292,1.0951,0.56704,0.45932,0.48713,0.29534,1.3284,1.0225,1.0953,0.0084754,0.0084754,0.0084754,,,,,
79,1.3711,1.0197,1.0918,0.55991,0.4688,0.48891,0.29591,1.3294,1.0211,1.0963,0.0084556,0.0084556,0.0084556,,,,,
80,1.3731,1.0293,1.0904,0.57206,0.46587,0.49113,0.29677,1.328,1.0197,1.0963,0.0084358,0.0084358,0.0084358,,,,,
81,1.3757,1.0353,1.0963,0.57402,0.46659,0.49136,0.29706,1.3274,1.0197,1.0954,0.008416,0.008416,0.008416,,,,,
82,1.3634,1.0223,1.0932,0.56568,0.46824,0.4907,0.29719,1.326,1.0191,1.0947,0.0083962,0.0083962,0.0083962,,,,,
83,1.3624,1.0181,1.0842,0.5698,0.46849,0.49061,0.29808,1.3256,1.0182,1.0944,0.0083764,0.0083764,0.0083764,,,,,
84,1.3686,1.0194,1.0919,0.55933,0.47615,0.49164,0.29801,1.3265,1.0151,1.0946,0.0083566,0.0083566,0.0083566,,,,,
85,1.3656,1.0164,1.0902,0.56268,0.47594,0.49339,0.29892,1.3264,1.0138,1.0947,0.0083368,0.0083368,0.0083368,,,,,
86,1.3684,1.0217,1.0886,0.57311,0.46757,0.49309,0.29961,1.3233,1.0123,1.0932,0.008317,0.008317,0.008317,,,,,
87,1.3549,1.0002,1.0814,0.56892,0.46814,0.49376,0.30067,1.3228,1.0117,1.0924,0.0082972,0.0082972,0.0082972,,,,,
88,1.3626,1.0131,1.0851,0.56594,0.47313,0.49565,0.30143,1.3225,1.01,1.0918,0.0082774,0.0082774,0.0082774,,,,,
89,1.3682,1.015,1.0905,0.56866,0.47005,0.49544,0.30139,1.323,1.0112,1.0926,0.0082576,0.0082576,0.0082576,,,,,
90,1.362,1.0091,1.0845,0.56591,0.4749,0.49598,0.30127,1.3223,1.0085,1.0922,0.0082378,0.0082378,0.0082378,,,,,
91,1.3517,0.99781,1.0838,0.57231,0.47127,0.49502,0.30045,1.3224,1.0065,1.0922,0.008218,0.008218,0.008218,,,,,
92,1.3715,1.0121,1.0921,0.5736,0.47258,0.49457,0.30022,1.3221,1.0058,1.0924,0.0081982,0.0081982,0.0081982,,,,,
93,1.3576,0.99981,1.0844,0.56755,0.47523,0.4964,0.3022,1.3207,1.004,1.0912,0.0081784,0.0081784,0.0081784,,,,,
94,1.3654,1.0081,1.0879,0.57177,0.47781,0.49719,0.3028,1.32,1.0031,1.0906,0.0081586,0.0081586,0.0081586,,,,,
95,1.3416,0.99654,1.0892,0.57198,0.47323,0.49812,0.30323,1.3193,1.0025,1.0896,0.0081388,0.0081388,0.0081388,,,,,
96,1.3623,1.0036,1.086,0.57464,0.47422,0.498,0.30348,1.3184,1.0008,1.0898,0.008119,0.008119,0.008119,,,,,
97,1.3604,0.99701,1.0832,0.57908,0.47176,0.49709,0.30227,1.3178,1.0001,1.0893,0.0080992,0.0080992,0.0080992,,,,,
98,1.3463,0.99227,1.0852,0.57891,0.4743,0.49881,0.30397,1.3172,0.9989,1.089,0.0080794,0.0080794,0.0080794,,,,,
99,1.3601,1.0024,1.0836,0.57971,0.47326,0.49999,0.3036,1.3174,0.99832,1.089,0.0080596,0.0080596,0.0080596,,,,,
100,1.3462,0.98248,1.0817,0.5772,0.47635,0.49989,0.30387,1.3174,0.99827,1.0893,0.0080398,0.0080398,0.0080398,,,,,
101,1.3482,0.9933,1.0826,0.57541,0.47484,0.50043,0.30435,1.3168,0.99803,1.0886,0.00802,0.00802,0.00802,,,,,
102,1.3477,0.98572,1.0802,0.58107,0.47375,0.50194,0.30577,1.3157,0.99697,1.0879,0.0080002,0.0080002,0.0080002,,,,,
103,1.3558,0.99404,1.089,0.58101,0.47539,0.50301,0.3061,1.3147,0.99567,1.0873,0.0079804,0.0079804,0.0079804,,,,,
104,1.3504,0.99077,1.0769,0.58071,0.4756,0.50333,0.3062,1.313,0.99465,1.0864,0.0079606,0.0079606,0.0079606,,,,,
105,1.3464,0.98413,1.0804,0.57687,0.47732,0.50356,0.30693,1.3123,0.99378,1.0862,0.0079408,0.0079408,0.0079408,,,,,
106,1.3456,0.97781,1.0815,0.57724,0.47869,0.50401,0.30735,1.3123,0.9932,1.0862,0.007921,0.007921,0.007921,,,,,
107,1.3552,0.98437,1.0801,0.58512,0.47542,0.50387,0.30689,1.3115,0.9916,1.0857,0.0079012,0.0079012,0.0079012,,,,,
108,1.3336,0.97477,1.076,0.58243,0.47622,0.50367,0.30633,1.3114,0.99109,1.0856,0.0078814,0.0078814,0.0078814,,,,,
109,1.3471,0.97926,1.0783,0.58109,0.47994,0.50423,0.30645,1.3116,0.9901,1.086,0.0078616,0.0078616,0.0078616,,,,,
110,1.3385,0.97045,1.0839,0.58168,0.48024,0.50553,0.30754,1.3117,0.99013,1.0859,0.0078418,0.0078418,0.0078418,,,,,
111,1.3374,0.97079,1.0784,0.58763,0.47689,0.50551,0.30741,1.311,0.98954,1.0858,0.007822,0.007822,0.007822,,,,,
112,1.3418,0.97807,1.0793,0.58302,0.48023,0.50577,0.30778,1.3109,0.98903,1.0858,0.0078022,0.0078022,0.0078022,,,,,
113,1.3471,0.97694,1.0732,0.57986,0.48235,0.50653,0.30864,1.3106,0.98827,1.0856,0.0077824,0.0077824,0.0077824,,,,,
114,1.3484,0.97989,1.0803,0.58306,0.48228,0.50683,0.30914,1.3099,0.98762,1.0849,0.0077626,0.0077626,0.0077626,,,,,
115,1.3337,0.97414,1.079,0.58337,0.48358,0.50708,0.30865,1.3096,0.98686,1.0846,0.0077428,0.0077428,0.0077428,,,,,
116,1.3425,0.97343,1.0772,0.58254,0.48296,0.50732,0.30898,1.3094,0.98612,1.0845,0.007723,0.007723,0.007723,,,,,
117,1.3299,0.96592,1.0733,0.58472,0.48181,0.5064,0.30873,1.3089,0.98588,1.0844,0.0077032,0.0077032,0.0077032,,,,,
118,1.3497,0.97537,1.0775,0.58728,0.48132,0.50706,0.30922,1.3086,0.98545,1.0845,0.0076834,0.0076834,0.0076834,,,,,
119,1.3286,0.96821,1.0724,0.58831,0.48032,0.50687,0.3093,1.3085,0.98531,1.0845,0.0076636,0.0076636,0.0076636,,,,,
120,1.3423,0.97186,1.0774,0.58904,0.47938,0.50732,0.30928,1.3082,0.98493,1.0842,0.0076438,0.0076438,0.0076438,,,,,
121,1.3264,0.96024,1.0742,0.58981,0.47784,0.50682,0.30947,1.3079,0.98434,1.084,0.007624,0.007624,0.007624,,,,,
122,1.3262,0.96356,1.0803,0.58747,0.47767,0.50672,0.30962,1.307,0.98378,1.0836,0.0076042,0.0076042,0.0076042,,,,,
123,1.3547,0.97252,1.0781,0.58667,0.47975,0.50774,0.31033,1.3062,0.98327,1.0831,0.0075844,0.0075844,0.0075844,,,,,
124,1.3255,0.95704,1.0701,0.58923,0.48071,0.50886,0.31087,1.3059,0.98243,1.0827,0.0075646,0.0075646,0.0075646,,,,,
125,1.3288,0.96044,1.0733,0.58911,0.47997,0.50887,0.31105,1.3057,0.98184,1.0824,0.0075448,0.0075448,0.0075448,,,,,
126,1.3419,0.96598,1.075,0.59501,0.47582,0.5089,0.3114,1.3052,0.98109,1.0821,0.007525,0.007525,0.007525,,,,,
127,1.3258,0.95758,1.075,0.59458,0.47736,0.50929,0.31183,1.3048,0.98054,1.0819,0.0075052,0.0075052,0.0075052,,,,,
128,1.3294,0.95756,1.0687,0.59421,0.47787,0.50919,0.31182,1.3042,0.97975,1.0815,0.0074854,0.0074854,0.0074854,,,,,
129,1.3352,0.95061,1.0666,0.58947,0.48189,0.50956,0.31181,1.304,0.97904,1.0815,0.0074656,0.0074656,0.0074656,,,,,
130,1.3271,0.95476,1.0735,0.58888,0.48198,0.50929,0.31172,1.3041,0.97843,1.0816,0.0074458,0.0074458,0.0074458,,,,,
131,1.3251,0.95127,1.0699,0.5909,0.48168,0.50952,0.3116,1.3039,0.97766,1.0813,0.007426,0.007426,0.007426,,,,,
132,1.325,0.9466,1.0732,0.58835,0.48268,0.50994,0.31165,1.3041,0.97733,1.0814,0.0074062,0.0074062,0.0074062,,,,,
133,1.3253,0.95793,1.076,0.58464,0.48461,0.51012,0.31189,1.3039,0.97716,1.0813,0.0073864,0.0073864,0.0073864,,,,,
134,1.3246,0.94949,1.0734,0.58624,0.48611,0.51102,0.31247,1.3037,0.97649,1.0812,0.0073666,0.0073666,0.0073666,,,,,
135,1.3261,0.95022,1.0714,0.58462,0.48706,0.5115,0.31252,1.3037,0.97603,1.0813,0.0073468,0.0073468,0.0073468,,,,,
136,1.3397,0.96044,1.0794,0.58607,0.48588,0.5116,0.31277,1.3038,0.97585,1.0813,0.007327,0.007327,0.007327,,,,,
137,1.3184,0.94419,1.0705,0.58728,0.48621,0.51172,0.31294,1.3034,0.97535,1.0812,0.0073072,0.0073072,0.0073072,,,,,
138,1.3253,0.94398,1.0687,0.58601,0.48739,0.51176,0.31301,1.3034,0.97506,1.0811,0.0072874,0.0072874,0.0072874,,,,,
139,1.3307,0.95124,1.0718,0.58354,0.48799,0.51189,0.31317,1.3037,0.9746,1.0811,0.0072676,0.0072676,0.0072676,,,,,
140,1.3205,0.94636,1.0782,0.5849,0.48694,0.51213,0.31316,1.3036,0.9743,1.0808,0.0072478,0.0072478,0.0072478,,,,,
141,1.3206,0.94746,1.0743,0.58764,0.48531,0.51249,0.31352,1.3037,0.97387,1.0808,0.007228,0.007228,0.007228,,,,,
142,1.3219,0.9446,1.071,0.58757,0.48576,0.51224,0.31346,1.3036,0.97365,1.0808,0.0072082,0.0072082,0.0072082,,,,,
143,1.3143,0.94072,1.0654,0.58777,0.48601,0.51226,0.31337,1.3033,0.97318,1.0806,0.0071884,0.0071884,0.0071884,,,,,
144,1.3149,0.93767,1.0645,0.58875,0.48568,0.51223,0.31353,1.3032,0.973,1.0805,0.0071686,0.0071686,0.0071686,,,,,
145,1.3166,0.94354,1.0669,0.58823,0.4871,0.51249,0.31358,1.3031,0.97242,1.0804,0.0071488,0.0071488,0.0071488,,,,,
146,1.3116,0.9296,1.0636,0.58978,0.48553,0.51279,0.31377,1.3028,0.97227,1.0804,0.007129,0.007129,0.007129,,,,,
147,1.3241,0.94062,1.0671,0.59063,0.48476,0.51239,0.31351,1.3029,0.97187,1.0804,0.0071092,0.0071092,0.0071092,,,,,
148,1.3251,0.94204,1.0729,0.59437,0.48281,0.51282,0.31383,1.3025,0.97158,1.0802,0.0070894,0.0070894,0.0070894,,,,,
149,1.3065,0.92203,1.0594,0.59389,0.4822,0.51256,0.31393,1.3024,0.9715,1.0802,0.0070696,0.0070696,0.0070696,,,,,
150,1.3146,0.93714,1.0682,0.59109,0.48382,0.51227,0.31363,1.3021,0.97122,1.0801,0.0070498,0.0070498,0.0070498,,,,,
151,1.3232,0.94098,1.0673,0.59444,0.48193,0.5124,0.31348,1.3021,0.97104,1.08,0.00703,0.00703,0.00703,,,,,
152,1.3171,0.93074,1.0671,0.59479,0.4824,0.51262,0.31332,1.3019,0.97105,1.08,0.0070102,0.0070102,0.0070102,,,,,
153,1.3216,0.9376,1.0667,0.59466,0.48334,0.51304,0.31342,1.3021,0.97078,1.08,0.0069904,0.0069904,0.0069904,,,,,
154,1.3144,0.93343,1.0667,0.59679,0.48224,0.51332,0.31367,1.3021,0.97067,1.0799,0.0069706,0.0069706,0.0069706,,,,,
155,1.321,0.92862,1.0636,0.60197,0.48005,0.51354,0.31385,1.302,0.97055,1.0798,0.0069508,0.0069508,0.0069508,,,,,
156,1.3083,0.92312,1.0597,0.59846,0.48325,0.51368,0.31394,1.3015,0.97019,1.0797,0.006931,0.006931,0.006931,,,,,
157,1.2983,0.91865,1.0655,0.59843,0.48318,0.51384,0.3142,1.3014,0.97006,1.0797,0.0069112,0.0069112,0.0069112,,,,,
158,1.3142,0.92487,1.0699,0.59693,0.48391,0.51415,0.31425,1.3011,0.97002,1.0795,0.0068914,0.0068914,0.0068914,,,,,
159,1.3124,0.92569,1.0674,0.59798,0.4827,0.51426,0.31425,1.3011,0.96968,1.0795,0.0068716,0.0068716,0.0068716,,,,,
160,1.3204,0.92785,1.0608,0.5994,0.48302,0.5144,0.31426,1.301,0.96948,1.0793,0.0068518,0.0068518,0.0068518,,,,,
161,1.3117,0.92921,1.0629,0.59988,0.48292,0.51469,0.31425,1.3007,0.96897,1.0791,0.006832,0.006832,0.006832,,,,,
162,1.3191,0.93485,1.0684,0.60069,0.48282,0.51499,0.31453,1.3005,0.96889,1.079,0.0068122,0.0068122,0.0068122,,,,,
163,1.3142,0.9269,1.0622,0.60009,0.48311,0.51477,0.31466,1.3005,0.9687,1.079,0.0067924,0.0067924,0.0067924,,,,,
164,1.3125,0.9225,1.0618,0.60029,0.4836,0.51516,0.31484,1.3006,0.96874,1.079,0.0067726,0.0067726,0.0067726,,,,,
165,1.3022,0.92339,1.0683,0.5993,0.48401,0.5152,0.31496,1.3004,0.96851,1.079,0.0067528,0.0067528,0.0067528,,,,,
166,1.3095,0.92369,1.0645,0.59897,0.48407,0.5152,0.31508,1.3002,0.96829,1.0788,0.006733,0.006733,0.006733,,,,,
167,1.3114,0.92233,1.0649,0.59996,0.4835,0.51524,0.31504,1.3001,0.96772,1.0789,0.0067132,0.0067132,0.0067132,,,,,
168,1.3118,0.92093,1.0604,0.60142,0.48384,0.51579,0.31529,1.3002,0.96729,1.079,0.0066934,0.0066934,0.0066934,,,,,
169,1.3088,0.92111,1.0603,0.60239,0.48392,0.51592,0.3153,1.3002,0.9673,1.0789,0.0066736,0.0066736,0.0066736,,,,,
170,1.3068,0.9154,1.0609,0.59931,0.48598,0.51612,0.31534,1.2999,0.967,1.0788,0.0066538,0.0066538,0.0066538,,,,,
171,1.3085,0.92271,1.0625,0.60076,0.48551,0.51631,0.3155,1.2999,0.96677,1.0788,0.006634,0.006634,0.006634,,,,,
172,1.3125,0.91485,1.061,0.60226,0.48468,0.51641,0.31552,1.3,0.9665,1.0788,0.0066142,0.0066142,0.0066142,,,,,
173,1.3014,0.91026,1.0624,0.60158,0.48478,0.51638,0.31566,1.3,0.96627,1.0788,0.0065944,0.0065944,0.0065944,,,,,
174,1.2919,0.91097,1.0603,0.60163,0.48478,0.51647,0.31581,1.2997,0.9662,1.0787,0.0065746,0.0065746,0.0065746,,,,,
175,1.2954,0.91305,1.0636,0.6023,0.48463,0.51645,0.31561,1.2997,0.96599,1.0787,0.0065548,0.0065548,0.0065548,,,,,
176,1.3034,0.91026,1.0559,0.59912,0.48648,0.51669,0.31573,1.2997,0.96593,1.0789,0.006535,0.006535,0.006535,,,,,
177,1.3091,0.91883,1.0635,0.59679,0.48712,0.51645,0.31571,1.2997,0.96586,1.0788,0.0065152,0.0065152,0.0065152,,,,,
178,1.3108,0.91789,1.0642,0.59595,0.48863,0.51654,0.31559,1.2997,0.96564,1.0789,0.0064954,0.0064954,0.0064954,,,,,
179,1.3152,0.92125,1.0607,0.59524,0.48858,0.51659,0.31577,1.2998,0.96553,1.0789,0.0064756,0.0064756,0.0064756,,,,,
180,1.3054,0.91724,1.063,0.59495,0.48896,0.51635,0.316,1.2998,0.9654,1.0789,0.0064558,0.0064558,0.0064558,,,,,
181,1.2937,0.90441,1.0586,0.5956,0.48918,0.51659,0.31587,1.2998,0.96525,1.0789,0.006436,0.006436,0.006436,,,,,
182,1.3036,0.90917,1.0608,0.59426,0.49011,0.51655,0.31594,1.2997,0.96507,1.0789,0.0064162,0.0064162,0.0064162,,,,,
183,1.3062,0.91058,1.0573,0.59399,0.49023,0.51681,0.31603,1.2996,0.96496,1.0788,0.0063964,0.0063964,0.0063964,,,,,
184,1.306,0.90799,1.0621,0.5967,0.48917,0.51668,0.31603,1.2994,0.96474,1.0788,0.0063766,0.0063766,0.0063766,,,,,
185,1.2924,0.90591,1.0577,0.59707,0.48945,0.51687,0.31617,1.2994,0.96458,1.0788,0.0063568,0.0063568,0.0063568,,,,,
186,1.3007,0.90917,1.0663,0.59865,0.4885,0.51666,0.31626,1.2992,0.96427,1.0787,0.006337,0.006337,0.006337,,,,,
187,1.3144,0.91763,1.0579,0.59764,0.49022,0.51704,0.31653,1.2989,0.96416,1.0786,0.0063172,0.0063172,0.0063172,,,,,
188,1.2996,0.90061,1.0575,0.59888,0.48941,0.5168,0.3164,1.2988,0.96397,1.0786,0.0062974,0.0062974,0.0062974,,,,,
189,1.2966,0.90693,1.0585,0.59905,0.48947,0.51722,0.31677,1.2987,0.96414,1.0785,0.0062776,0.0062776,0.0062776,,,,,
190,1.2951,0.90142,1.0622,0.59956,0.48998,0.51722,0.31674,1.2985,0.96395,1.0786,0.0062578,0.0062578,0.0062578,,,,,
191,1.2898,0.90031,1.056,0.59983,0.49037,0.51718,0.31667,1.2986,0.9636,1.0785,0.006238,0.006238,0.006238,,,,,
192,1.293,0.90974,1.0613,0.59744,0.4905,0.51715,0.3167,1.2983,0.96356,1.0785,0.0062182,0.0062182,0.0062182,,,,,
193,1.2915,0.90101,1.0563,0.59912,0.4902,0.51719,0.31691,1.2983,0.9633,1.0785,0.0061984,0.0061984,0.0061984,,,,,
194,1.2913,0.8986,1.0487,0.59936,0.48978,0.51745,0.31694,1.2982,0.96322,1.0785,0.0061786,0.0061786,0.0061786,,,,,
195,1.3033,0.90721,1.0614,0.59805,0.49116,0.51741,0.31715,1.298,0.96323,1.0784,0.0061588,0.0061588,0.0061588,,,,,
196,1.2956,0.90076,1.0573,0.59879,0.49127,0.51739,0.31704,1.298,0.96305,1.0785,0.006139,0.006139,0.006139,,,,,
197,1.2998,0.90294,1.0537,0.59922,0.49032,0.51757,0.31717,1.298,0.96287,1.0785,0.0061192,0.0061192,0.0061192,,,,,
198,1.2907,0.89713,1.0581,0.60101,0.48994,0.51765,0.31714,1.2977,0.9627,1.0785,0.0060994,0.0060994,0.0060994,,,,,
199,1.2986,0.90132,1.0572,0.59965,0.49041,0.51786,0.3172,1.2978,0.9627,1.0785,0.0060796,0.0060796,0.0060796,,,,,
200,1.2981,0.90219,1.0535,0.60101,0.48985,0.51808,0.31734,1.2978,0.96253,1.0784,0.0060598,0.0060598,0.0060598,,,,,
201,1.2857,0.88822,1.0554,0.59987,0.49057,0.51826,0.31751,1.2978,0.96245,1.0784,0.00604,0.00604,0.00604,,,,,
202,1.2945,0.89254,1.0534,0.60211,0.49041,0.5183,0.31759,1.2976,0.96234,1.0784,0.0060202,0.0060202,0.0060202,,,,,
203,1.2886,0.90058,1.061,0.6,0.4908,0.51835,0.31755,1.2975,0.96215,1.0783,0.0060004,0.0060004,0.0060004,,,,,
204,1.2842,0.88643,1.0575,0.60158,0.49043,0.51801,0.31752,1.2973,0.96217,1.0783,0.0059806,0.0059806,0.0059806,,,,,
205,1.2844,0.89068,1.0542,0.60014,0.49154,0.51822,0.31768,1.2973,0.96198,1.0782,0.0059608,0.0059608,0.0059608,,,,,
206,1.2915,0.89453,1.0603,0.60233,0.49113,0.51815,0.31772,1.297,0.96183,1.0782,0.005941,0.005941,0.005941,,,,,
207,1.2946,0.89292,1.0576,0.60317,0.48988,0.51827,0.31775,1.297,0.9618,1.0782,0.0059212,0.0059212,0.0059212,,,,,
208,1.2933,0.89208,1.0594,0.60278,0.49001,0.5183,0.31767,1.2972,0.96189,1.0782,0.0059014,0.0059014,0.0059014,,,,,
209,1.2845,0.88643,1.054,0.60139,0.49048,0.51852,0.31779,1.2972,0.96172,1.0781,0.0058816,0.0058816,0.0058816,,,,,
210,1.2917,0.89213,1.0558,0.6045,0.48866,0.51853,0.31796,1.2972,0.96174,1.0782,0.0058618,0.0058618,0.0058618,,,,,
211,1.288,0.8864,1.0523,0.602,0.49033,0.51859,0.31795,1.2971,0.96178,1.0781,0.005842,0.005842,0.005842,,,,,
212,1.2843,0.88748,1.0593,0.60135,0.49037,0.51861,0.31786,1.297,0.96159,1.0781,0.0058222,0.0058222,0.0058222,,,,,
213,1.2902,0.8884,1.0544,0.60051,0.49023,0.51862,0.31773,1.297,0.96152,1.078,0.0058024,0.0058024,0.0058024,,,,,
214,1.2872,0.89026,1.0595,0.60112,0.49007,0.51854,0.31774,1.2969,0.96154,1.078,0.0057826,0.0057826,0.0057826,,,,,
215,1.2888,0.88582,1.0536,0.60231,0.48863,0.51842,0.31782,1.2971,0.96157,1.078,0.0057628,0.0057628,0.0057628,,,,,
216,1.2825,0.88442,1.0524,0.60446,0.48792,0.51851,0.31798,1.2971,0.96162,1.0781,0.005743,0.005743,0.005743,,,,,
217,1.2753,0.88491,1.053,0.60459,0.48766,0.51868,0.31803,1.2969,0.96171,1.0779,0.0057232,0.0057232,0.0057232,,,,,
218,1.2845,0.88923,1.0521,0.60508,0.48843,0.51859,0.3181,1.2967,0.96182,1.0778,0.0057034,0.0057034,0.0057034,,,,,
219,1.2822,0.88432,1.0554,0.60514,0.48833,0.51879,0.3181,1.2968,0.9617,1.0778,0.0056836,0.0056836,0.0056836,,,,,
220,1.2851,0.88399,1.0521,0.6043,0.48838,0.51882,0.3181,1.2968,0.96184,1.0778,0.0056638,0.0056638,0.0056638,,,,,
221,1.2793,0.87774,1.0526,0.60807,0.48673,0.51883,0.3181,1.2968,0.96183,1.0778,0.005644,0.005644,0.005644,,,,,
222,1.2792,0.88096,1.0561,0.60883,0.48689,0.51893,0.31818,1.2968,0.9617,1.0778,0.0056242,0.0056242,0.0056242,,,,,
223,1.2889,0.88626,1.0539,0.60871,0.48672,0.51863,0.31817,1.2969,0.96177,1.0778,0.0056044,0.0056044,0.0056044,,,,,
224,1.2771,0.87845,1.0519,0.60549,0.48778,0.51853,0.31821,1.2968,0.96182,1.0778,0.0055846,0.0055846,0.0055846,,,,,
225,1.2902,0.88713,1.0502,0.60866,0.48656,0.51881,0.31831,1.2967,0.96165,1.0778,0.0055648,0.0055648,0.0055648,,,,,
226,1.2801,0.87589,1.0499,0.60642,0.48667,0.51902,0.31847,1.2968,0.9616,1.0778,0.005545,0.005545,0.005545,,,,,
227,1.2838,0.88046,1.0495,0.60796,0.48577,0.51907,0.31837,1.2968,0.96154,1.0778,0.0055252,0.0055252,0.0055252,,,,,
228,1.2838,0.88861,1.0541,0.6046,0.48705,0.51903,0.31839,1.2967,0.96149,1.0778,0.0055054,0.0055054,0.0055054,,,,,
229,1.2791,0.87878,1.05,0.60471,0.48719,0.5191,0.3184,1.2965,0.96157,1.0777,0.0054856,0.0054856,0.0054856,,,,,
230,1.285,0.8798,1.0462,0.60494,0.48758,0.51932,0.31854,1.2965,0.96144,1.0777,0.0054658,0.0054658,0.0054658,,,,,
231,1.2888,0.88248,1.0509,0.60432,0.48732,0.51906,0.31867,1.2961,0.96132,1.0775,0.005446,0.005446,0.005446,,,,,
232,1.2755,0.87087,1.0475,0.60486,0.48785,0.51938,0.31878,1.2961,0.96138,1.0775,0.0054262,0.0054262,0.0054262,,,,,
233,1.2794,0.87555,1.0576,0.60451,0.48744,0.51921,0.31892,1.2961,0.96129,1.0775,0.0054064,0.0054064,0.0054064,,,,,
234,1.282,0.87928,1.0497,0.60273,0.4886,0.51941,0.31886,1.2959,0.96131,1.0776,0.0053866,0.0053866,0.0053866,,,,,
235,1.2769,0.87403,1.0485,0.60313,0.48825,0.51954,0.31904,1.2961,0.96114,1.0775,0.0053668,0.0053668,0.0053668,,,,,
236,1.2693,0.86753,1.0472,0.6047,0.48712,0.51938,0.31894,1.296,0.96115,1.0775,0.005347,0.005347,0.005347,,,,,
237,1.2789,0.87191,1.0461,0.60497,0.48699,0.51965,0.31913,1.296,0.96091,1.0775,0.0053272,0.0053272,0.0053272,,,,,
238,1.2759,0.87006,1.0509,0.60535,0.48729,0.51966,0.31907,1.2959,0.96066,1.0775,0.0053074,0.0053074,0.0053074,,,,,
239,1.2661,0.86737,1.047,0.60463,0.48724,0.51981,0.31917,1.296,0.96097,1.0775,0.0052876,0.0052876,0.0052876,,,,,
240,1.2832,0.87528,1.0527,0.60489,0.48749,0.51969,0.31929,1.2959,0.9608,1.0774,0.0052678,0.0052678,0.0052678,,,,,
241,1.2817,0.87716,1.0459,0.60498,0.48778,0.51977,0.31913,1.2959,0.96037,1.0774,0.005248,0.005248,0.005248,,,,,
242,1.271,0.87081,1.0468,0.60478,0.48811,0.51973,0.31907,1.2958,0.96046,1.0774,0.0052282,0.0052282,0.0052282,,,,,
243,1.2726,0.86861,1.0483,0.60449,0.48805,0.51978,0.31906,1.2956,0.96012,1.0772,0.0052084,0.0052084,0.0052084,,,,,
244,1.275,0.86405,1.0477,0.6029,0.48869,0.51974,0.31921,1.2955,0.95998,1.0772,0.0051886,0.0051886,0.0051886,,,,,
245,1.2815,0.87351,1.0535,0.60188,0.48938,0.51981,0.3193,1.2953,0.95987,1.0771,0.0051688,0.0051688,0.0051688,,,,,
246,1.2796,0.87611,1.0546,0.59968,0.49024,0.51988,0.31924,1.2954,0.95979,1.0772,0.005149,0.005149,0.005149,,,,,
247,1.2692,0.86142,1.0475,0.59995,0.49057,0.51986,0.31928,1.2952,0.95967,1.0771,0.0051292,0.0051292,0.0051292,,,,,
248,1.2804,0.87208,1.0446,0.59974,0.4909,0.52,0.31924,1.2952,0.95937,1.0772,0.0051094,0.0051094,0.0051094,,,,,
249,1.2631,0.857,1.045,0.6005,0.49116,0.51994,0.31923,1.2952,0.95945,1.0772,0.0050896,0.0050896,0.0050896,,,,,
250,1.2732,0.86489,1.0458,0.60265,0.48979,0.5202,0.31931,1.2952,0.9592,1.0771,0.0050698,0.0050698,0.0050698,,,,,
251,1.2645,0.85916,1.0446,0.60412,0.48889,0.52001,0.31918,1.295,0.95879,1.077,0.00505,0.00505,0.00505,,,,,
252,1.2789,0.86903,1.0495,0.60647,0.48873,0.52039,0.31931,1.295,0.95858,1.0771,0.0050302,0.0050302,0.0050302,,,,,
253,1.2764,0.85949,1.0479,0.60313,0.49072,0.5204,0.31924,1.2948,0.95876,1.077,0.0050104,0.0050104,0.0050104,,,,,
254,1.2653,0.85982,1.0477,0.60115,0.49145,0.52058,0.31925,1.2946,0.95855,1.0769,0.0049906,0.0049906,0.0049906,,,,,
255,1.2736,0.86217,1.0452,0.59969,0.49211,0.5205,0.31921,1.2948,0.95836,1.0769,0.0049708,0.0049708,0.0049708,,,,,
256,1.2766,0.86845,1.0474,0.59982,0.49199,0.52053,0.31924,1.2946,0.95831,1.0769,0.004951,0.004951,0.004951,,,,,
257,1.2677,0.85805,1.0468,0.59752,0.49296,0.52035,0.31935,1.2945,0.95789,1.0768,0.0049312,0.0049312,0.0049312,,,,,
258,1.276,0.86724,1.0455,0.59701,0.49436,0.52064,0.31945,1.2946,0.9579,1.0769,0.0049114,0.0049114,0.0049114,,,,,
259,1.2726,0.86297,1.0488,0.59823,0.49292,0.52025,0.31933,1.2946,0.95775,1.0768,0.0048916,0.0048916,0.0048916,,,,,
260,1.2764,0.86498,1.0449,0.59801,0.49445,0.52057,0.31948,1.2944,0.95758,1.0767,0.0048718,0.0048718,0.0048718,,,,,
261,1.2588,0.85694,1.0501,0.59912,0.49314,0.52065,0.31958,1.2941,0.95727,1.0767,0.004852,0.004852,0.004852,,,,,
262,1.2723,0.86224,1.0434,0.59815,0.49437,0.52069,0.31962,1.2941,0.95693,1.0766,0.0048322,0.0048322,0.0048322,,,,,
263,1.2711,0.8647,1.0468,0.59843,0.49409,0.52075,0.31961,1.2939,0.95705,1.0766,0.0048124,0.0048124,0.0048124,,,,,
264,1.2796,0.86461,1.0499,0.59908,0.49398,0.52087,0.31955,1.2938,0.95689,1.0766,0.0047926,0.0047926,0.0047926,,,,,
265,1.2619,0.85655,1.0436,0.59796,0.49472,0.52095,0.31967,1.2939,0.95667,1.0765,0.0047728,0.0047728,0.0047728,,,,,
266,1.2733,0.85609,1.0455,0.5981,0.49466,0.52085,0.31972,1.2941,0.95631,1.0766,0.004753,0.004753,0.004753,,,,,
267,1.27,0.85558,1.0395,0.59855,0.49469,0.52109,0.31975,1.2939,0.95623,1.0765,0.0047332,0.0047332,0.0047332,,,,,
268,1.2626,0.85517,1.0467,0.59726,0.49523,0.52097,0.31978,1.2938,0.95601,1.0765,0.0047134,0.0047134,0.0047134,,,,,
269,1.2633,0.85295,1.0457,0.59749,0.49515,0.52096,0.31964,1.2937,0.95581,1.0764,0.0046936,0.0046936,0.0046936,,,,,
270,1.2695,0.85873,1.0454,0.59477,0.49696,0.52121,0.31978,1.2936,0.95563,1.0765,0.0046738,0.0046738,0.0046738,,,,,
271,1.2677,0.85802,1.0441,0.59463,0.49702,0.52133,0.31996,1.2935,0.95547,1.0764,0.004654,0.004654,0.004654,,,,,
272,1.2649,0.85526,1.0427,0.59875,0.49527,0.52137,0.31994,1.2934,0.95536,1.0765,0.0046342,0.0046342,0.0046342,,,,,
273,1.26,0.85275,1.0397,0.59987,0.49561,0.52152,0.32006,1.2933,0.95486,1.0766,0.0046144,0.0046144,0.0046144,,,,,
274,1.2723,0.85865,1.0371,0.59999,0.49566,0.52157,0.3201,1.2932,0.95478,1.0766,0.0045946,0.0045946,0.0045946,,,,,
275,1.2714,0.85521,1.0473,0.60039,0.49552,0.52144,0.32002,1.2931,0.95464,1.0766,0.0045748,0.0045748,0.0045748,,,,,
276,1.2662,0.85516,1.0459,0.60062,0.49536,0.52133,0.32017,1.293,0.95451,1.0765,0.004555,0.004555,0.004555,,,,,
277,1.2804,0.86825,1.0483,0.60021,0.49509,0.52125,0.3204,1.2929,0.95451,1.0764,0.0045352,0.0045352,0.0045352,,,,,
278,1.2718,0.86112,1.044,0.59744,0.49698,0.52146,0.32052,1.2929,0.95452,1.0764,0.0045154,0.0045154,0.0045154,,,,,
279,1.2699,0.85827,1.0428,0.60134,0.49494,0.52144,0.32028,1.2928,0.95431,1.0764,0.0044956,0.0044956,0.0044956,,,,,
280,1.2783,0.86639,1.0451,0.59955,0.49573,0.52149,0.32042,1.2928,0.95432,1.0764,0.0044758,0.0044758,0.0044758,,,,,
281,1.28,0.86544,1.0479,0.59731,0.49609,0.52158,0.32041,1.2929,0.95421,1.0764,0.004456,0.004456,0.004456,,,,,
282,1.2619,0.85061,1.0404,0.59739,0.49621,0.5217,0.32049,1.2926,0.95408,1.0762,0.0044362,0.0044362,0.0044362,,,,,
283,1.2848,0.86613,1.0477,0.59761,0.49612,0.52205,0.32046,1.2926,0.95385,1.0762,0.0044164,0.0044164,0.0044164,,,,,
284,1.2836,0.86868,1.0461,0.6006,0.4931,0.5219,0.32054,1.2927,0.95391,1.0762,0.0043966,0.0043966,0.0043966,,,,,
285,1.2763,0.86127,1.0424,0.60127,0.49373,0.5221,0.32064,1.2925,0.9538,1.0762,0.0043768,0.0043768,0.0043768,,,,,
286,1.2792,0.86395,1.044,0.60021,0.49508,0.5221,0.32067,1.2925,0.95363,1.0761,0.004357,0.004357,0.004357,,,,,
287,1.277,0.8681,1.0454,0.5997,0.49468,0.5221,0.32066,1.2924,0.95377,1.0761,0.0043372,0.0043372,0.0043372,,,,,
288,1.2733,0.85948,1.0417,0.59828,0.49557,0.52202,0.32052,1.2926,0.95378,1.0762,0.0043174,0.0043174,0.0043174,,,,,
289,1.2763,0.8623,1.0422,0.59839,0.49547,0.52197,0.32062,1.2925,0.95341,1.0761,0.0042976,0.0042976,0.0042976,,,,,
290,1.2677,0.85247,1.0408,0.59813,0.49516,0.52204,0.32066,1.2926,0.95336,1.0761,0.0042778,0.0042778,0.0042778,,,,,
291,1.2778,0.85466,1.0429,0.59925,0.49602,0.52216,0.32052,1.2924,0.95333,1.0761,0.004258,0.004258,0.004258,,,,,
292,1.2768,0.86182,1.04,0.59824,0.49707,0.52208,0.32071,1.2924,0.95328,1.0761,0.0042382,0.0042382,0.0042382,,,,,
293,1.274,0.85823,1.0381,0.59935,0.49589,0.52214,0.32087,1.2924,0.95325,1.0762,0.0042184,0.0042184,0.0042184,,,,,
294,1.268,0.85462,1.0393,0.59793,0.49672,0.52212,0.32087,1.2923,0.95326,1.0762,0.0041986,0.0041986,0.0041986,,,,,
295,1.2638,0.84741,1.0319,0.59653,0.49712,0.52222,0.32101,1.2924,0.95318,1.0762,0.0041788,0.0041788,0.0041788,,,,,
296,1.2588,0.84609,1.0428,0.59703,0.49709,0.52231,0.32112,1.2924,0.95296,1.0762,0.004159,0.004159,0.004159,,,,,
297,1.2628,0.84672,1.0358,0.5973,0.49721,0.52239,0.32099,1.2923,0.95294,1.0761,0.0041392,0.0041392,0.0041392,,,,,
298,1.2659,0.85288,1.0371,0.59777,0.49711,0.52234,0.32093,1.2922,0.95296,1.0761,0.0041194,0.0041194,0.0041194,,,,,
299,1.2675,0.85457,1.0402,0.59795,0.4972,0.52235,0.32101,1.2923,0.95279,1.0761,0.0040996,0.0040996,0.0040996,,,,,
300,1.272,0.85358,1.0393,0.59639,0.49774,0.52234,0.32098,1.2922,0.95298,1.0761,0.0040798,0.0040798,0.0040798,,,,,
301,1.2636,0.85043,1.0347,0.59652,0.49732,0.52228,0.32093,1.2921,0.95321,1.0761,0.00406,0.00406,0.00406,,,,,
302,1.2741,0.85843,1.0385,0.59752,0.49655,0.5225,0.32099,1.2921,0.95317,1.0761,0.0040402,0.0040402,0.0040402,,,,,
303,1.2644,0.85311,1.0393,0.59794,0.4967,0.52237,0.32095,1.292,0.9532,1.076,0.0040204,0.0040204,0.0040204,,,,,
304,1.2609,0.85033,1.035,0.59764,0.49668,0.52265,0.32109,1.2921,0.95291,1.076,0.0040006,0.0040006,0.0040006,,,,,
305,1.2774,0.8582,1.0376,0.59715,0.49613,0.52239,0.32101,1.2922,0.95301,1.076,0.0039808,0.0039808,0.0039808,,,,,
306,1.2674,0.85451,1.0357,0.59881,0.49511,0.52245,0.32101,1.2922,0.95287,1.0761,0.003961,0.003961,0.003961,,,,,
307,1.264,0.85076,1.0403,0.59705,0.49573,0.52246,0.32119,1.2923,0.95285,1.0761,0.0039412,0.0039412,0.0039412,,,,,
308,1.2647,0.85144,1.0401,0.59888,0.49499,0.52249,0.321,1.2921,0.95267,1.0761,0.0039214,0.0039214,0.0039214,,,,,
309,1.2649,0.85305,1.0373,0.59959,0.49555,0.52265,0.32094,1.2922,0.95237,1.0761,0.0039016,0.0039016,0.0039016,,,,,
310,1.2618,0.84388,1.0376,0.5983,0.49609,0.52258,0.32084,1.2922,0.95248,1.0761,0.0038818,0.0038818,0.0038818,,,,,
311,1.2692,0.85202,1.0386,0.59717,0.49667,0.52257,0.32111,1.2923,0.95242,1.0761,0.003862,0.003862,0.003862,,,,,
312,1.2591,0.84336,1.0336,0.5987,0.49608,0.52231,0.32095,1.2923,0.95218,1.076,0.0038422,0.0038422,0.0038422,,,,,
313,1.2612,0.84402,1.0308,0.60012,0.4948,0.52225,0.32104,1.2924,0.95213,1.0761,0.0038224,0.0038224,0.0038224,,,,,
314,1.2806,0.85937,1.0424,0.59923,0.49595,0.52237,0.32111,1.2923,0.95208,1.076,0.0038026,0.0038026,0.0038026,,,,,
315,1.2783,0.85014,1.0385,0.59893,0.49572,0.52239,0.3211,1.2923,0.952,1.076,0.0037828,0.0037828,0.0037828,,,,,
316,1.2656,0.84844,1.0382,0.60129,0.49507,0.52268,0.3213,1.2925,0.95214,1.076,0.003763,0.003763,0.003763,,,,,
317,1.2599,0.84078,1.0365,0.60151,0.49534,0.52281,0.32124,1.2922,0.9519,1.076,0.0037432,0.0037432,0.0037432,,,,,
318,1.2731,0.85315,1.0391,0.60109,0.49493,0.52277,0.32119,1.2924,0.9517,1.0762,0.0037234,0.0037234,0.0037234,,,,,
319,1.2672,0.84457,1.0337,0.59989,0.49596,0.52287,0.32113,1.2926,0.95172,1.0762,0.0037036,0.0037036,0.0037036,,,,,
320,1.2594,0.84494,1.0335,0.59966,0.49614,0.52284,0.3212,1.2926,0.95201,1.0762,0.0036838,0.0036838,0.0036838,,,,,
321,1.2597,0.84126,1.0401,0.59944,0.49608,0.52272,0.32112,1.2926,0.95195,1.0762,0.003664,0.003664,0.003664,,,,,
322,1.2687,0.84238,1.03,0.59933,0.49634,0.5228,0.32103,1.2927,0.9521,1.0763,0.0036442,0.0036442,0.0036442,,,,,
323,1.2731,0.85315,1.0364,0.59973,0.49657,0.52269,0.3211,1.2926,0.95193,1.0762,0.0036244,0.0036244,0.0036244,,,,,
324,1.2631,0.8439,1.0342,0.59844,0.49784,0.52274,0.32099,1.2926,0.95169,1.0762,0.0036046,0.0036046,0.0036046,,,,,
325,1.2639,0.84056,1.0396,0.59678,0.49831,0.52258,0.32099,1.2924,0.95162,1.0762,0.0035848,0.0035848,0.0035848,,,,,
326,1.2514,0.83795,1.0353,0.59744,0.49825,0.52259,0.32083,1.2923,0.95175,1.076,0.003565,0.003565,0.003565,,,,,
327,1.2709,0.84449,1.0367,0.59918,0.49727,0.52259,0.32093,1.2924,0.95173,1.0761,0.0035452,0.0035452,0.0035452,,,,,
328,1.2706,0.84559,1.0404,0.59939,0.49733,0.52269,0.32081,1.2925,0.95176,1.0761,0.0035254,0.0035254,0.0035254,,,,,
329,1.2667,0.84601,1.0355,0.5965,0.49905,0.52272,0.32091,1.2926,0.95172,1.0761,0.0035056,0.0035056,0.0035056,,,,,
330,1.2578,0.84013,1.0399,0.59832,0.49877,0.52272,0.3206,1.2926,0.95173,1.0761,0.0034858,0.0034858,0.0034858,,,,,
331,1.2537,0.83902,1.0333,0.59792,0.4983,0.5227,0.32064,1.2927,0.95163,1.076,0.003466,0.003466,0.003466,,,,,
332,1.2652,0.84743,1.0363,0.59828,0.49849,0.52269,0.32067,1.2928,0.95138,1.0761,0.0034462,0.0034462,0.0034462,,,,,
333,1.2616,0.84287,1.0312,0.59781,0.49939,0.52284,0.32068,1.2928,0.95165,1.0761,0.0034264,0.0034264,0.0034264,,,,,
334,1.2455,0.82883,1.0337,0.59809,0.49941,0.5228,0.32065,1.2928,0.95165,1.076,0.0034066,0.0034066,0.0034066,,,,,
335,1.2578,0.83598,1.0353,0.59862,0.49935,0.5229,0.32063,1.293,0.95172,1.0761,0.0033868,0.0033868,0.0033868,,,,,
336,1.2673,0.84642,1.0362,0.60037,0.49872,0.52286,0.32054,1.2929,0.9517,1.0762,0.003367,0.003367,0.003367,,,,,
337,1.2671,0.84031,1.0322,0.60054,0.49847,0.52302,0.32052,1.2931,0.95167,1.0762,0.0033472,0.0033472,0.0033472,,,,,
338,1.2596,0.83726,1.0378,0.60145,0.49857,0.5229,0.32059,1.293,0.95147,1.0762,0.0033274,0.0033274,0.0033274,,,,,
339,1.257,0.83652,1.0281,0.60124,0.49849,0.52282,0.32052,1.2932,0.95183,1.0762,0.0033076,0.0033076,0.0033076,,,,,
340,1.2551,0.83765,1.0322,0.60076,0.49943,0.52316,0.32082,1.2931,0.95174,1.0762,0.0032878,0.0032878,0.0032878,,,,,
341,1.2541,0.83399,1.0328,0.60079,0.49937,0.5231,0.32083,1.293,0.95169,1.0761,0.003268,0.003268,0.003268,,,,,
342,1.2569,0.83594,1.0325,0.60208,0.49847,0.52316,0.32093,1.2931,0.95173,1.0761,0.0032482,0.0032482,0.0032482,,,,,
343,1.2598,0.83634,1.0373,0.60119,0.49793,0.52266,0.32083,1.2932,0.95186,1.0761,0.0032284,0.0032284,0.0032284,,,,,
344,1.2526,0.83079,1.0292,0.60186,0.49851,0.52245,0.32083,1.2932,0.95183,1.0761,0.0032086,0.0032086,0.0032086,,,,,
345,1.249,0.82903,1.0281,0.60259,0.49882,0.52262,0.32081,1.2932,0.95169,1.0762,0.0031888,0.0031888,0.0031888,,,,,
346,1.2655,0.83819,1.0389,0.6023,0.49905,0.52254,0.3208,1.2934,0.9518,1.0762,0.003169,0.003169,0.003169,,,,,
347,1.2627,0.83961,1.0345,0.60211,0.49891,0.52237,0.32073,1.2933,0.95192,1.0762,0.0031492,0.0031492,0.0031492,,,,,
348,1.2589,0.83318,1.0306,0.60197,0.49875,0.52222,0.32063,1.2936,0.95169,1.0764,0.0031294,0.0031294,0.0031294,,,,,
349,1.2536,0.8344,1.0324,0.60171,0.49876,0.52215,0.32062,1.2935,0.9515,1.0763,0.0031096,0.0031096,0.0031096,,,,,
350,1.2549,0.82994,1.0315,0.6005,0.49991,0.52209,0.32053,1.2936,0.9516,1.0763,0.0030898,0.0030898,0.0030898,,,,,
351,1.2489,0.82967,1.0363,0.6004,0.4998,0.52206,0.32061,1.2937,0.95153,1.0763,0.00307,0.00307,0.00307,,,,,
352,1.2521,0.83121,1.0317,0.6003,0.49953,0.52222,0.32054,1.2938,0.95166,1.0762,0.0030502,0.0030502,0.0030502,,,,,
353,1.2586,0.83495,1.0317,0.59935,0.50024,0.52203,0.32053,1.2937,0.95157,1.0763,0.0030304,0.0030304,0.0030304,,,,,
354,1.2433,0.82418,1.0237,0.59689,0.50176,0.52186,0.32045,1.2938,0.95189,1.0763,0.0030106,0.0030106,0.0030106,,,,,
355,1.2499,0.82616,1.0287,0.59722,0.50146,0.5217,0.32045,1.2941,0.95196,1.0764,0.0029908,0.0029908,0.0029908,,,,,
356,1.2523,0.82687,1.0298,0.59966,0.49962,0.52175,0.32046,1.2941,0.95217,1.0764,0.002971,0.002971,0.002971,,,,,
357,1.2553,0.83073,1.0285,0.60009,0.49938,0.52147,0.32044,1.2944,0.95239,1.0764,0.0029512,0.0029512,0.0029512,,,,,
358,1.2516,0.83002,1.0333,0.59784,0.50129,0.52177,0.32072,1.2943,0.95255,1.0764,0.0029314,0.0029314,0.0029314,,,,,
359,1.2623,0.82984,1.0329,0.59687,0.50095,0.52152,0.3204,1.2943,0.95275,1.0764,0.0029116,0.0029116,0.0029116,,,,,
360,1.255,0.83093,1.0296,0.5963,0.50175,0.5216,0.32044,1.2945,0.95295,1.0765,0.0028918,0.0028918,0.0028918,,,,,
361,1.2516,0.82486,1.03,0.59608,0.50144,0.52157,0.32049,1.2944,0.95283,1.0765,0.002872,0.002872,0.002872,,,,,
362,1.2508,0.82737,1.0319,0.59572,0.50279,0.5217,0.32047,1.2944,0.95298,1.0765,0.0028522,0.0028522,0.0028522,,,,,
363,1.239,0.81751,1.0287,0.59557,0.50233,0.52154,0.32046,1.2945,0.9532,1.0765,0.0028324,0.0028324,0.0028324,,,,,
364,1.255,0.83037,1.0348,0.59716,0.50097,0.52153,0.32045,1.2943,0.95321,1.0765,0.0028126,0.0028126,0.0028126,,,,,
365,1.2494,0.82521,1.0345,0.59805,0.50128,0.52186,0.32036,1.2947,0.95346,1.0765,0.0027928,0.0027928,0.0027928,,,,,
366,1.24,0.81536,1.0252,0.59903,0.5,0.52167,0.32043,1.2948,0.95346,1.0765,0.002773,0.002773,0.002773,,,,,
367,1.255,0.82444,1.028,0.59915,0.49984,0.52171,0.32056,1.295,0.95365,1.0765,0.0027532,0.0027532,0.0027532,,,,,
368,1.2531,0.82518,1.029,0.59777,0.50079,0.52173,0.32049,1.2949,0.95379,1.0765,0.0027334,0.0027334,0.0027334,,,,,
369,1.2498,0.82361,1.0285,0.59648,0.50178,0.52173,0.32049,1.295,0.95378,1.0765,0.0027136,0.0027136,0.0027136,,,,,
370,1.2633,0.83424,1.0331,0.59685,0.50201,0.52189,0.32047,1.2952,0.95371,1.0765,0.0026938,0.0026938,0.0026938,,,,,
371,1.2485,0.82773,1.0306,0.59693,0.50172,0.52206,0.32062,1.2951,0.95358,1.0764,0.002674,0.002674,0.002674,,,,,
372,1.2521,0.82528,1.0264,0.5983,0.50044,0.52205,0.32053,1.2952,0.9535,1.0765,0.0026542,0.0026542,0.0026542,,,,,
373,1.2476,0.81812,1.0318,0.60052,0.4997,0.52226,0.32052,1.2952,0.95348,1.0765,0.0026344,0.0026344,0.0026344,,,,,
374,1.2444,0.82212,1.026,0.60039,0.49964,0.52204,0.32036,1.2953,0.95357,1.0764,0.0026146,0.0026146,0.0026146,,,,,
375,1.2481,0.82011,1.0285,0.60083,0.49959,0.52206,0.32029,1.2954,0.95364,1.0765,0.0025948,0.0025948,0.0025948,,,,,
376,1.2426,0.8173,1.0283,0.59923,0.50034,0.52212,0.32036,1.2957,0.95371,1.0766,0.002575,0.002575,0.002575,,,,,
377,1.2465,0.82228,1.0258,0.59849,0.50099,0.52213,0.32033,1.2957,0.95376,1.0766,0.0025552,0.0025552,0.0025552,,,,,
378,1.2497,0.82365,1.0315,0.60151,0.50074,0.52216,0.32042,1.2957,0.95359,1.0766,0.0025354,0.0025354,0.0025354,,,,,
379,1.2555,0.82118,1.0252,0.601,0.50054,0.52212,0.32048,1.2958,0.95364,1.0765,0.0025156,0.0025156,0.0025156,,,,,
380,1.2375,0.8161,1.0282,0.60099,0.49989,0.52184,0.32052,1.2958,0.95367,1.0765,0.0024958,0.0024958,0.0024958,,,,,
381,1.2455,0.81482,1.0303,0.60128,0.50019,0.52213,0.32053,1.2958,0.95361,1.0765,0.002476,0.002476,0.002476,,,,,
382,1.2542,0.82372,1.028,0.60245,0.49947,0.52196,0.32035,1.2958,0.95373,1.0764,0.0024562,0.0024562,0.0024562,,,,,
383,1.2481,0.81876,1.0236,0.60079,0.49952,0.52164,0.32029,1.2958,0.95372,1.0765,0.0024364,0.0024364,0.0024364,,,,,
384,1.2459,0.81777,1.0287,0.60008,0.4995,0.52147,0.32027,1.2958,0.95373,1.0765,0.0024166,0.0024166,0.0024166,,,,,
385,1.2404,0.81776,1.027,0.59932,0.50061,0.52161,0.32022,1.2959,0.95382,1.0764,0.0023968,0.0023968,0.0023968,,,,,
386,1.2498,0.819,1.0262,0.59945,0.50038,0.52158,0.32026,1.2961,0.95386,1.0764,0.002377,0.002377,0.002377,,,,,
387,1.2427,0.81633,1.0312,0.59928,0.50003,0.52149,0.32025,1.2962,0.95412,1.0764,0.0023572,0.0023572,0.0023572,,,,,
388,1.2571,0.82419,1.0256,0.59922,0.5,0.52145,0.32035,1.2962,0.95435,1.0765,0.0023374,0.0023374,0.0023374,,,,,
389,1.2474,0.81648,1.0249,0.5992,0.49995,0.52143,0.32047,1.2964,0.9546,1.0765,0.0023176,0.0023176,0.0023176,,,,,
390,1.2434,0.81262,1.0317,0.59562,0.50117,0.5215,0.32035,1.2964,0.95477,1.0766,0.0022978,0.0022978,0.0022978,,,,,
391,1.2354,0.8109,1.0265,0.59419,0.50203,0.52169,0.32033,1.2964,0.95483,1.0765,0.002278,0.002278,0.002278,,,,,
392,1.2379,0.80894,1.0204,0.59452,0.50187,0.52162,0.32044,1.2966,0.95505,1.0765,0.0022582,0.0022582,0.0022582,,,,,
393,1.2408,0.81476,1.0238,0.59501,0.50231,0.52166,0.32028,1.2966,0.95524,1.0766,0.0022384,0.0022384,0.0022384,,,,,
394,1.2517,0.82324,1.0263,0.59485,0.50215,0.52167,0.32029,1.2965,0.95517,1.0765,0.0022186,0.0022186,0.0022186,,,,,
395,1.2394,0.81487,1.025,0.59581,0.50054,0.52131,0.32017,1.2967,0.95539,1.0765,0.0021988,0.0021988,0.0021988,,,,,
396,1.2449,0.81412,1.0305,0.59552,0.50146,0.52131,0.32016,1.2968,0.9556,1.0765,0.002179,0.002179,0.002179,,,,,
397,1.2406,0.81213,1.0216,0.59283,0.50279,0.52152,0.32025,1.2971,0.95579,1.0765,0.0021592,0.0021592,0.0021592,,,,,
398,1.2378,0.80951,1.0253,0.59416,0.50201,0.52149,0.32024,1.2972,0.95582,1.0765,0.0021394,0.0021394,0.0021394,,,,,
399,1.2424,0.813,1.0235,0.59469,0.50169,0.52133,0.32013,1.2973,0.95591,1.0765,0.0021196,0.0021196,0.0021196,,,,,
400,1.2284,0.80091,1.0222,0.5947,0.50187,0.5218,0.32023,1.2974,0.95626,1.0765,0.0020998,0.0020998,0.0020998,,,,,
401,1.239,0.8049,1.021,0.59612,0.50096,0.5217,0.32031,1.2972,0.95626,1.0764,0.00208,0.00208,0.00208,,,,,
402,1.2507,0.81899,1.028,0.5982,0.49975,0.52163,0.32033,1.2973,0.95638,1.0763,0.0020602,0.0020602,0.0020602,,,,,
403,1.2367,0.81048,1.0232,0.5962,0.50064,0.52131,0.32024,1.2974,0.95646,1.0763,0.0020404,0.0020404,0.0020404,,,,,
404,1.2491,0.81196,1.0292,0.59489,0.5012,0.52128,0.32037,1.2976,0.95655,1.0763,0.0020206,0.0020206,0.0020206,,,,,
405,1.2367,0.80449,1.0223,0.59603,0.50006,0.5212,0.32027,1.2976,0.95667,1.0762,0.0020008,0.0020008,0.0020008,,,,,
406,1.2384,0.81086,1.0267,0.59638,0.49993,0.52128,0.32037,1.2978,0.95674,1.0762,0.001981,0.001981,0.001981,,,,,
