                  epoch,         train/box_loss,         train/cls_loss,         train/dfl_loss,   metrics/precision(B),      metrics/recall(B),       metrics/mAP50(B),    metrics/mAP50-95(B),           val/box_loss,           val/cls_loss,           val/dfl_loss,                 lr/pg0,                 lr/pg1,                 lr/pg2,,,,,,,,
0,3.7679,5.3499,2.1416,0.21242,0.05779,0.04267,0.01414,2.8723,2.768,1.5376,0.0033314,0.0033314,0.0033314,,,,,,,,
1,2.9015,2.7771,1.4615,0.20448,0.10558,0.08963,0.03504,2.6915,2.6346,1.4361,0.0066528,0.0066528,0.0066528,,,,,,,, 1809631 parameters
2,2.673,2.4454,1.358,0.35279,0.12415,0.11992,0.04744,2.4563,2.1762,1.3308,0.0099621,0.0099621,0.0099621,,,,,,,,
3,2.5235,2.1751,1.2912,0.35631,0.15288,0.15206,0.06042,2.3919,2.073,1.2985,0.009946,0.009946,0.009946,,,,,,,,
4,2.4129,2.0622,1.235,0.23999,0.16311,0.16302,0.06552,2.3024,2.0775,1.231,0.009946,0.009946,0.009946,,,,,,"                 Class     Images  Instances      Box(P          R      mAP50  mAP50-95): 100%|閳诲牃鏋呴埢鍫氭瀰閳诲牃鏋呴埢鍫氭瀰閳诲牃鏋厊 3505/3505 [06:23<00:00,  9.13it/s]",,
5,2.3428,1.9501,1.2028,0.50482,0.17474,0.18586,0.07483,2.2722,1.9911,1.2133,0.009928,0.009928,0.009928,,,,,,                   all      14018     376118      0.651      0.599      0.592       0.26,,
6,2.2835,1.8533,1.1799,0.49999,0.18315,0.18868,0.07789,2.2662,1.8717,1.2125,0.00991,0.00991,0.00991,,,,,,              airplane      14018        854      0.766      0.686       0.73      0.356,,
7,2.2668,1.8075,1.1737,0.62711,0.19648,0.20617,0.08254,2.2115,1.8572,1.1907,0.009892,0.009892,0.009892,,,,,,                bridge      14018        802      0.642       0.47      0.487      0.172,,
8,2.2501,1.7428,1.158,0.49956,0.20542,0.21223,0.08598,2.2057,1.7769,1.1807,0.009874,0.009874,0.009874,,,,,,          storage-tank      14018       6089      0.809      0.761        0.8      0.431,,
9,2.2267,1.7181,1.1505,0.36789,0.24548,0.22861,0.09269,2.1881,1.7255,1.1779,0.009856,0.009856,0.009856,,,,,,                  ship      14018      18945      0.758       0.73      0.773      0.386,,
10,2.2019,1.679,1.1428,0.54021,0.22028,0.24819,0.10262,2.1632,1.7185,1.1714,0.009838,0.009838,0.009838,,,,,,         swimming-pool      14018        465      0.433      0.652       0.46      0.187,,
11,2.2038,1.6617,1.1394,0.32285,0.26287,0.26928,0.1049,2.1822,1.6902,1.1691,0.00982,0.00982,0.00982,,,,,,               vehicle      14018     332600      0.777      0.735      0.755      0.323,,
12,2.1957,1.6207,1.1411,0.45159,0.31398,0.30057,0.12862,2.1482,1.6166,1.1597,0.009802,0.009802,0.009802,,,,,,                person      14018      16029      0.706      0.295      0.416      0.146,,
13,2.1704,1.5834,1.1285,0.51605,0.29687,0.31825,0.13023,2.1356,1.6218,1.1557,0.009784,0.009784,0.009784,,,,,,             wind-mill      14018        334      0.319      0.464      0.312     0.0798,,
14,2.1546,1.5795,1.1273,0.43792,0.29693,0.31839,0.13051,2.139,1.5785,1.1566,0.009766,0.009766,0.009766,,,,,,"Speed: 0.2ms preprocess, 20.0ms inference, 0.0ms loss, 0.8ms postprocess per image",,
15,2.1481,1.5623,1.1309,0.40981,0.3618,0.34006,0.1378,2.1226,1.557,1.1524,0.009748,0.009748,0.009748,,,,,,,,
16,2.1493,1.5248,1.1226,0.42919,0.34428,0.32937,0.13724,2.1077,1.5561,1.1476,0.00973,0.00973,0.00973,,,,,,,,
17,2.1428,1.5595,1.1208,0.4266,0.36142,0.35165,0.14353,2.1162,1.5563,1.1504,0.009712,0.009712,0.009712,,,,,,,,
18,2.126,1.4957,1.1212,0.59345,0.36997,0.37233,0.14941,2.1043,1.5151,1.1444,0.009694,0.009694,0.009694,,,,,,,,
19,2.1394,1.4933,1.1204,0.52482,0.3718,0.36363,0.14693,2.092,1.5059,1.1395,0.009676,0.009676,0.009676,,,,,,,,
20,2.1262,1.4843,1.1181,0.58901,0.33708,0.37226,0.15119,2.0911,1.4826,1.1392,0.009658,0.009658,0.009658,,,,,,,,
21,2.126,1.4913,1.1174,0.59312,0.3572,0.37039,0.14786,2.1033,1.4894,1.1421,0.00964,0.00964,0.00964,,,,,,,,
22,2.1208,1.4753,1.112,0.60049,0.36181,0.38275,0.15478,2.0865,1.4648,1.1364,0.009622,0.009622,0.009622,,,,,, Average Precision  (AP) @[ IoU=0.50:0.95 | area=   all | maxDets=100 ] = 0.236,,
23,2.1096,1.4887,1.1145,0.64813,0.36344,0.39838,0.16454,2.0789,1.4605,1.1355,0.009604,0.009604,0.009604,,,,,, Average Precision  (AP) @[ IoU=0.50      | area=   all | maxDets=100 ] = 0.542,,
24,2.1111,1.474,1.1169,0.54598,0.38028,0.40323,0.16447,2.0702,1.4497,1.1333,0.009586,0.009586,0.009586,,,,,, Average Precision  (AP) @[ IoU=0.75      | area=   all | maxDets=100 ] = 0.166,,
25,2.1099,1.451,1.1118,0.47878,0.40999,0.38569,0.15486,2.078,1.4462,1.135,0.009568,0.009568,0.009568,,,,,, Average Precision  (AP) @[ IoU=0.50:0.95 | area= small | maxDets=100 ] = 0.227,,
26,2.0968,1.429,1.1056,0.63334,0.36155,0.39703,0.16075,2.0765,1.4254,1.1327,0.00955,0.00955,0.00955,,,,,, Average Precision  (AP) @[ IoU=0.50:0.95 | area=medium | maxDets=100 ] = 0.376,,
27,2.0963,1.4455,1.1112,0.50698,0.43021,0.42229,0.17202,2.0742,1.4173,1.1318,0.009532,0.009532,0.009532,,,,,, Average Precision  (AP) @[ IoU=0.50:0.95 | area= large | maxDets=100 ] = -1.000,,
28,2.0951,1.423,1.1026,0.54653,0.40478,0.43317,0.17079,2.0769,1.4218,1.1308,0.009514,0.009514,0.009514,,,,,, Average Recall     (AR) @[ IoU=0.50:0.95 | area=   all | maxDets=  1 ] = 0.070,,
29,2.1029,1.4321,1.1046,0.57309,0.36905,0.41316,0.16883,2.0644,1.4091,1.1285,0.009496,0.009496,0.009496,,,,,, Average Recall     (AR) @[ IoU=0.50:0.95 | area=   all | maxDets= 10 ] = 0.234,,
30,2.0795,1.4054,1.1034,0.59768,0.41347,0.43653,0.17411,2.0626,1.3886,1.1267,0.009478,0.009478,0.009478,,,,,, Average Recall     (AR) @[ IoU=0.50:0.95 | area=   all | maxDets=100 ] = 0.394,,
31,2.0809,1.4027,1.1072,0.50647,0.4427,0.427,0.16978,2.0583,1.3915,1.1261,0.00946,0.00946,0.00946,,,,,, Average Recall     (AR) @[ IoU=0.50:0.95 | area= small | maxDets=100 ] = 0.391,,
32,2.0782,1.3997,1.1013,0.49654,0.44133,0.4302,0.17266,2.0539,1.3843,1.1253,0.009442,0.009442,0.009442,,,,,, Average Recall     (AR) @[ IoU=0.50:0.95 | area=medium | maxDets=100 ] = 0.477,,
33,2.0754,1.3965,1.0983,0.52535,0.447,0.44436,0.18381,2.0513,1.3848,1.124,0.009424,0.009424,0.009424,,,,,, Average Recall     (AR) @[ IoU=0.50:0.95 | area= large | maxDets=100 ] = -1.000,,
34,2.0701,1.3793,1.098,0.51998,0.44592,0.43333,0.1779,2.0509,1.3781,1.1237,0.009406,0.009406,0.009406,,,,,,,,
35,2.0801,1.4009,1.0981,0.53327,0.45456,0.44992,0.18323,2.046,1.3633,1.1211,0.009388,0.009388,0.009388,,,,,,,,
36,2.0704,1.3853,1.1027,0.54168,0.4423,0.44994,0.1857,2.049,1.3535,1.1229,0.00937,0.00937,0.00937,,,,,,,,
37,2.0713,1.3826,1.1037,0.50388,0.44866,0.45334,0.18658,2.0478,1.3501,1.1207,0.009352,0.009352,0.009352,,,,,,,,
38,2.0651,1.3633,1.1008,0.55294,0.44094,0.45162,0.18174,2.0448,1.3435,1.1188,0.009334,0.009334,0.009334,,,,,,,,
39,2.07,1.3743,1.0946,0.5129,0.45996,0.46311,0.18703,2.0415,1.3404,1.1183,0.009316,0.009316,0.009316,,,,,,,,
40,2.0676,1.3655,1.0954,0.53517,0.46403,0.46837,0.19086,2.0406,1.3404,1.1188,0.009298,0.009298,0.009298,,,,,,,,
41,2.0565,1.3574,1.0967,0.53591,0.48285,0.46948,0.19255,2.0384,1.3366,1.1149,0.00928,0.00928,0.00928,,,,,, Average Precision  (AP) @[ IoU=0.50:0.95 | area=   all | maxDets=100 ] = 0.236,,
42,2.0744,1.3773,1.0984,0.54476,0.46023,0.48399,0.19821,2.035,1.3326,1.1164,0.009262,0.009262,0.009262,,,,,, Average Precision  (AP) @[ IoU=0.50      | area=   all | maxDets=100 ] = 0.542,,
43,2.0597,1.3704,1.0941,0.56658,0.4963,0.49611,0.19916,2.033,1.3279,1.1164,0.009244,0.009244,0.009244,,,,,, Average Precision  (AP) @[ IoU=0.75      | area=   all | maxDets=100 ] = 0.166,,
44,2.0611,1.3699,1.1004,0.52808,0.48726,0.49339,0.1997,2.0277,1.3224,1.1153,0.009226,0.009226,0.009226,,,,,, Average Precision  (AP) @[ IoU=0.50:0.95 | area= vtiny | maxDets=100 ] = 0.104,,
45,2.0593,1.3667,1.0984,0.57597,0.48157,0.48683,0.19854,2.0274,1.3183,1.1156,0.009208,0.009208,0.009208,,,,,, Average Precision  (AP) @[ IoU=0.50:0.95 | area=  tiny | maxDets=100 ] = 0.228,,
46,2.0508,1.3362,1.0949,0.58099,0.4677,0.48549,0.1997,2.0306,1.3175,1.1156,0.00919,0.00919,0.00919,,,,,, Average Precision  (AP) @[ IoU=0.50:0.95 | area= small | maxDets=100 ] = 0.303,,
47,2.0509,1.3306,1.092,0.57536,0.47764,0.48777,0.19742,2.0316,1.3199,1.1146,0.009172,0.009172,0.009172,,,,,, Average Precision  (AP) @[ IoU=0.50:0.95 | area=medium | maxDets=100 ] = 0.376,,
48,2.0568,1.3452,1.0948,0.53094,0.5045,0.49199,0.20066,2.0311,1.3122,1.1145,0.009154,0.009154,0.009154,,,,,, Average Precision  (AP) @[ IoU=0.50:0.95 | area= large | maxDets=100 ] = -1.000,,
49,2.0421,1.3321,1.0924,0.54353,0.49341,0.48889,0.1981,2.0259,1.3115,1.1127,0.009136,0.009136,0.009136,,,,,, Average Recall     (AR) @[ IoU=0.50:0.95 | area=   all | maxDets=  1 ] = 0.070,,
50,2.0502,1.3404,1.1014,0.54449,0.49248,0.4896,0.19657,2.0267,1.3106,1.1124,0.009118,0.009118,0.009118,,,,,, Average Recall     (AR) @[ IoU=0.50:0.95 | area=   all | maxDets= 10 ] = 0.234,,
51,2.0521,1.3265,1.0926,0.54159,0.50188,0.48875,0.19856,2.0243,1.3045,1.1126,0.0091,0.0091,0.0091,,,,,, Average Recall     (AR) @[ IoU=0.50:0.95 | area=   all | maxDets=100 ] = 0.394,,
52,2.0628,1.3442,1.0945,0.54734,0.51385,0.49815,0.20068,2.0229,1.3021,1.1126,0.009082,0.009082,0.009082,,,,,, Average Recall     (AR) @[ IoU=0.50:0.95 | area= small | maxDets=100 ] = 0.442,,
53,2.0549,1.3348,1.0894,0.53099,0.51314,0.49274,0.19819,2.0199,1.2988,1.1123,0.009064,0.009064,0.009064,,,,,, Average Recall     (AR) @[ IoU=0.50:0.95 | area=medium | maxDets=100 ] = 0.477,,
54,2.0391,1.3188,1.0863,0.54219,0.51256,0.49868,0.1992,2.0172,1.297,1.1109,0.009046,0.009046,0.009046,,,,,, Average Recall     (AR) @[ IoU=0.50:0.95 | area= large | maxDets=100 ] = -1.000,,
55,2.0328,1.3191,1.0899,0.55299,0.51842,0.50485,0.19956,2.018,1.2963,1.1111,0.009028,0.009028,0.009028,,,,,,,,
56,2.0498,1.3191,1.0897,0.56286,0.51549,0.50152,0.20069,2.0206,1.2951,1.1111,0.00901,0.00901,0.00901,,,,,,,,
57,2.0424,1.3178,1.0879,0.56675,0.50736,0.50272,0.20143,2.0208,1.2945,1.1111,0.008992,0.008992,0.008992,,,,,,,,
58,2.0395,1.306,1.0858,0.55535,0.51256,0.49956,0.20204,2.0206,1.2929,1.1103,0.008974,0.008974,0.008974,,,,,,,,
59,2.0436,1.3246,1.091,0.57268,0.50247,0.49675,0.20248,2.0211,1.293,1.1099,0.008956,0.008956,0.008956,,,,,,,,
60,2.0378,1.3012,1.0845,0.57995,0.47703,0.4983,0.20306,2.0188,1.292,1.109,0.008938,0.008938,0.008938,,,,,,,,
61,2.0468,1.3111,1.0865,0.56838,0.48992,0.49598,0.20292,2.0166,1.2904,1.1086,0.00892,0.00892,0.00892,,,,,,,,
62,2.024,1.297,1.0852,0.57073,0.494,0.49318,0.2021,2.0171,1.2899,1.1088,0.008902,0.008902,0.008902,,,,,,,,
63,2.0332,1.2898,1.0882,0.56764,0.49026,0.49529,0.2018,2.017,1.2867,1.1087,0.008884,0.008884,0.008884,,,,,,,,
64,2.038,1.3048,1.0894,0.56696,0.51248,0.50519,0.20235,2.0181,1.2841,1.1087,0.008866,0.008866,0.008866,,,,,,,,
65,2.0323,1.3048,1.0888,0.57094,0.51108,0.5023,0.20175,2.0166,1.2822,1.1086,0.008848,0.008848,0.008848,,,,,,,,
66,2.0348,1.3044,1.088,0.57883,0.51832,0.51019,0.20376,2.0175,1.2808,1.1085,0.00883,0.00883,0.00883,,,,,,,,
67,2.0274,1.2838,1.0835,0.58859,0.51679,0.50937,0.20282,2.0172,1.2791,1.1085,0.008812,0.008812,0.008812,,,,,,,,
68,2.0267,1.2993,1.0861,0.58696,0.51944,0.50969,0.20366,2.017,1.278,1.1082,0.008794,0.008794,0.008794,,,,,,,,
69,2.0294,1.2905,1.0859,0.58927,0.51408,0.51164,0.20585,2.015,1.2759,1.1079,0.008776,0.008776,0.008776,,,,,,,,
70,2.0289,1.2927,1.0823,0.58656,0.51937,0.51123,0.20624,2.014,1.2755,1.1079,0.008758,0.008758,0.008758,,,,,,,,
71,2.0154,1.2776,1.0805,0.58979,0.52039,0.51411,0.20661,2.0132,1.2731,1.1078,0.00874,0.00874,0.00874,,,,,,,,
72,2.0292,1.292,1.0861,0.58968,0.51736,0.51094,0.20902,2.0125,1.2719,1.1077,0.008722,0.008722,0.008722,,,,,,,,
73,2.0318,1.2791,1.0867,0.59,0.52577,0.50996,0.20749,2.0138,1.2713,1.1078,0.008704,0.008704,0.008704,,,,,,,,
74,2.0196,1.2816,1.0849,0.5845,0.52137,0.50947,0.20763,2.0138,1.2708,1.108,0.008686,0.008686,0.008686,,,,,,,,
75,2.0282,1.2868,1.0833,0.58368,0.51553,0.50841,0.20716,2.013,1.2693,1.1079,0.008668,0.008668,0.008668,,,,,,,,
76,2.0257,1.2789,1.081,0.58932,0.50862,0.50615,0.20704,2.0129,1.2692,1.1079,0.00865,0.00865,0.00865,,,,,,,,
77,2.0291,1.2848,1.0859,0.59096,0.50873,0.50638,0.20743,2.0121,1.268,1.108,0.008632,0.008632,0.008632,,,,,,,,
78,2.0285,1.2817,1.082,0.59259,0.51134,0.50495,0.20751,2.0112,1.2675,1.1078,0.008614,0.008614,0.008614,,,,,,,,
79,2.0085,1.272,1.0793,0.57699,0.52258,0.50709,0.20735,2.0113,1.2666,1.1076,0.008596,0.008596,0.008596,,,,,,,,
80,2.0208,1.2737,1.0812,0.57687,0.5176,0.50625,0.20779,2.011,1.2663,1.1076,0.008578,0.008578,0.008578,,,,,,,,
81,2.0201,1.2743,1.0836,0.57034,0.51647,0.51007,0.20818,2.0109,1.2645,1.1074,0.00856,0.00856,0.00856,,,,,,,,
82,2.0168,1.2629,1.0827,0.56787,0.52606,0.51155,0.20824,2.0095,1.2635,1.1069,0.008542,0.008542,0.008542,,,,,,,,
83,2.0243,1.2808,1.0866,0.56739,0.52136,0.51151,0.20753,2.0088,1.2626,1.1067,0.008524,0.008524,0.008524,,,,,,,,
84,2.011,1.2637,1.08,0.56791,0.52322,0.51455,0.20883,2.0089,1.2616,1.1067,0.008506,0.008506,0.008506,,,,,,,,
85,2.0116,1.2713,1.0828,0.57154,0.52341,0.51282,0.20804,2.0079,1.261,1.1064,0.008488,0.008488,0.008488,,,,,,,,
86,2.0256,1.2609,1.085,0.55549,0.53099,0.51328,0.2084,2.0074,1.26,1.1065,0.00847,0.00847,0.00847,,,,,,,,
87,2.0067,1.2571,1.0799,0.5621,0.53532,0.51282,0.20815,2.007,1.2591,1.1061,0.008452,0.008452,0.008452,,,,,,,,
88,2.0165,1.2658,1.0848,0.5608,0.53252,0.5146,0.20836,2.0059,1.2581,1.1059,0.008434,0.008434,0.008434,,,,,,,,
89,2.0139,1.2525,1.0826,0.56928,0.52762,0.5155,0.20911,2.0052,1.2577,1.1057,0.008416,0.008416,0.008416,,,,,,,,
90,2.0083,1.2777,1.0803,0.56974,0.53421,0.52453,0.21006,2.0052,1.2578,1.1058,0.008398,0.008398,0.008398,,,,,,,,
91,2.0098,1.2577,1.0796,0.56883,0.54097,0.52263,0.20993,2.0044,1.2569,1.1057,0.00838,0.00838,0.00838,,,,,,,,
92,2.0077,1.2561,1.0773,0.57565,0.5309,0.52211,0.20989,2.0028,1.2567,1.1054,0.008362,0.008362,0.008362,,,,,,,,
93,2.0118,1.253,1.0812,0.58026,0.53015,0.52467,0.21094,2.0026,1.2558,1.1053,0.008344,0.008344,0.008344,,,,,,,,
94,2.0159,1.2525,1.0781,0.58195,0.52483,0.52608,0.21113,2.0024,1.2556,1.1053,0.008326,0.008326,0.008326,,,,,,,,
95,2.0124,1.2698,1.0782,0.57869,0.53123,0.52567,0.21143,2.0016,1.2541,1.105,0.008308,0.008308,0.008308,,,,,,,,
96,2.0053,1.2665,1.0814,0.57459,0.5384,0.52754,0.212,2.0013,1.2535,1.1052,0.00829,0.00829,0.00829,,,,,,,,
97,2.0039,1.2544,1.0795,0.57809,0.54132,0.53,0.21143,2,1.2531,1.1049,0.008272,0.008272,0.008272,,,,,,,,
98,2.0026,1.243,1.0812,0.57764,0.53565,0.5299,0.21216,1.9996,1.2529,1.105,0.008254,0.008254,0.008254,,,,,,,,
99,2.0135,1.2513,1.0753,0.57438,0.54246,0.53105,0.21223,1.9998,1.252,1.105,0.008236,0.008236,0.008236,,,,,,,,
100,1.9977,1.2347,1.0772,0.57239,0.54844,0.53263,0.21271,1.9991,1.2514,1.1047,0.008218,0.008218,0.008218,,,,,,,,
101,2.0086,1.2518,1.0784,0.57433,0.54982,0.53364,0.21298,1.9983,1.2515,1.1045,0.0082,0.0082,0.0082,,,,,,,,
102,2.0158,1.2428,1.0771,0.57677,0.54262,0.5328,0.21291,1.9983,1.251,1.1044,0.008182,0.008182,0.008182,,,,,,,,
103,2.0087,1.2478,1.0836,0.57718,0.54532,0.53303,0.21338,1.9972,1.2497,1.1042,0.008164,0.008164,0.008164,,,,,,,,
104,1.9969,1.2412,1.0769,0.58176,0.53916,0.53226,0.21374,1.9974,1.2493,1.1043,0.008146,0.008146,0.008146,,,,,,,,
105,1.9933,1.2603,1.0839,0.58031,0.54103,0.53266,0.21456,1.9976,1.2482,1.104,0.008128,0.008128,0.008128,,,,,,,,
106,2.008,1.2402,1.0754,0.58532,0.53963,0.53442,0.21478,1.9966,1.2469,1.1036,0.00811,0.00811,0.00811,,,,,,,,
107,2.0077,1.2369,1.0754,0.59109,0.53669,0.5355,0.21532,1.9964,1.2469,1.1036,0.008092,0.008092,0.008092,,,,,,,,
108,1.9999,1.2513,1.0761,0.59445,0.53483,0.53493,0.21544,1.9967,1.2466,1.1038,0.008074,0.008074,0.008074,,,,,,,,
109,1.9968,1.2229,1.0798,0.59346,0.53061,0.53493,0.21594,1.9958,1.2459,1.1032,0.008056,0.008056,0.008056,,,,,,,,
110,1.9939,1.2307,1.0761,0.60169,0.52775,0.53719,0.21527,1.9957,1.2453,1.1032,0.008038,0.008038,0.008038,,,,,,,,
111,1.9925,1.2223,1.0739,0.60255,0.52824,0.53745,0.21521,1.9956,1.2451,1.103,0.00802,0.00802,0.00802,,,,,,,,
112,2.0019,1.2271,1.0758,0.61234,0.52936,0.54013,0.21565,1.9949,1.244,1.1028,0.008002,0.008002,0.008002,,,,,,,,
113,1.9926,1.2355,1.0783,0.60897,0.52915,0.5407,0.21598,1.9947,1.2439,1.1027,0.007984,0.007984,0.007984,,,,,,,,
114,2.0021,1.2323,1.0803,0.61611,0.52818,0.54096,0.21601,1.9942,1.243,1.1026,0.007966,0.007966,0.007966,,,,,,,,
115,2.0043,1.2412,1.0789,0.61141,0.52609,0.54126,0.21675,1.994,1.2423,1.1025,0.007948,0.007948,0.007948,,,,,,,,
116,1.9897,1.2365,1.0777,0.61039,0.52605,0.53809,0.21584,1.9938,1.2415,1.1024,0.00793,0.00793,0.00793,,,,,,,,
117,1.983,1.2308,1.0762,0.613,0.52025,0.53687,0.21605,1.9929,1.2416,1.1022,0.007912,0.007912,0.007912,,,,,,,,
118,1.9971,1.2411,1.0779,0.61182,0.5209,0.5374,0.21729,1.9925,1.2414,1.1019,0.007894,0.007894,0.007894,,,,,,,,
119,1.9994,1.2355,1.0754,0.61301,0.52027,0.53801,0.2172,1.9925,1.2414,1.1017,0.007876,0.007876,0.007876,,,,,,,,
120,1.9962,1.2163,1.0723,0.61465,0.52082,0.53798,0.21746,1.9923,1.2403,1.1017,0.007858,0.007858,0.007858,,,,,,,,
121,2.0011,1.2314,1.0737,0.6123,0.52093,0.53817,0.21712,1.9907,1.239,1.1015,0.00784,0.00784,0.00784,,,,,,,,
122,2.0046,1.2281,1.0752,0.61383,0.5234,0.53932,0.21818,1.9905,1.2386,1.1015,0.007822,0.007822,0.007822,,,,,,,,
123,2.0018,1.2296,1.0783,0.6084,0.52711,0.53951,0.21858,1.9895,1.2378,1.1012,0.007804,0.007804,0.007804,,,,,,,,
124,1.9891,1.2346,1.0784,0.61061,0.5335,0.54132,0.21906,1.9895,1.2366,1.1011,0.007786,0.007786,0.007786,,,,,,,,
125,1.9935,1.2201,1.076,0.60747,0.53343,0.54221,0.21894,1.9893,1.2363,1.1011,0.007768,0.007768,0.007768,,,,,,,,
126,1.9944,1.2271,1.072,0.60515,0.53473,0.54232,0.21899,1.9893,1.235,1.1009,0.00775,0.00775,0.00775,,,,,,,,
127,2.0012,1.2206,1.0742,0.60128,0.53876,0.54307,0.2208,1.9891,1.2335,1.1009,0.007732,0.007732,0.007732,,,,,,,,
128,1.9782,1.2215,1.0726,0.60694,0.54495,0.54788,0.22134,1.9883,1.2339,1.1008,0.007714,0.007714,0.007714,,,,,,,,
129,1.9947,1.2121,1.0746,0.60372,0.55232,0.54848,0.2215,1.9887,1.2327,1.1007,0.007696,0.007696,0.007696,,,,,,,,
130,1.9889,1.2142,1.0684,0.60364,0.55274,0.55039,0.22205,1.9882,1.2323,1.1007,0.007678,0.007678,0.007678,,,,,,,,
131,1.9938,1.2328,1.0786,0.59559,0.55413,0.55198,0.22262,1.9878,1.2315,1.1006,0.00766,0.00766,0.00766,,,,,,,,
132,1.9812,1.2127,1.0741,0.5926,0.5574,0.55226,0.22385,1.9877,1.2297,1.1006,0.007642,0.007642,0.007642,,,,,,,,
133,1.9949,1.2219,1.0749,0.59581,0.55496,0.55168,0.22361,1.9871,1.2291,1.1003,0.007624,0.007624,0.007624,,,,,,,,
134,1.9884,1.2218,1.0787,0.59341,0.55181,0.54947,0.22301,1.9861,1.2275,1.0999,0.007606,0.007606,0.007606,,,,,,,,
135,1.9886,1.2155,1.0718,0.59708,0.55283,0.55434,0.22348,1.9863,1.2269,1.0999,0.007588,0.007588,0.007588,,,,,,,,
136,1.9842,1.2061,1.0711,0.59555,0.55083,0.55259,0.22343,1.986,1.2261,1.0997,0.00757,0.00757,0.00757,,,,,,,,
137,1.9902,1.2102,1.0748,0.59821,0.55109,0.55062,0.22346,1.9855,1.2252,1.0998,0.007552,0.007552,0.007552,,,,,,,,
138,1.981,1.21,1.0702,0.59674,0.54933,0.54904,0.22303,1.9842,1.225,1.0995,0.007534,0.007534,0.007534,,,,,,,,
139,1.9906,1.2046,1.0742,0.60656,0.55049,0.55299,0.22402,1.9835,1.2238,1.0994,0.007516,0.007516,0.007516,,,,,,,,
140,1.9909,1.2171,1.072,0.60371,0.55214,0.55213,0.2237,1.9837,1.2229,1.0991,0.007498,0.007498,0.007498,,,,,,,,
141,1.9894,1.1965,1.0703,0.60732,0.54893,0.55102,0.22391,1.9834,1.2227,1.0991,0.00748,0.00748,0.00748,,,,,,,,
142,1.9882,1.2207,1.0746,0.60637,0.55024,0.55133,0.22417,1.983,1.2225,1.0989,0.007462,0.007462,0.007462,,,,,,,,
143,1.9889,1.2196,1.0701,0.60257,0.55248,0.552,0.22439,1.9825,1.2219,1.0988,0.007444,0.007444,0.007444,,,,,,,,
144,1.9924,1.2154,1.0801,0.60209,0.5522,0.55234,0.22492,1.9823,1.2217,1.0987,0.007426,0.007426,0.007426,,,,,,,,
145,1.9931,1.2165,1.0751,0.59902,0.55341,0.55167,0.22453,1.9821,1.2211,1.0985,0.007408,0.007408,0.007408,,,,,,,,
146,1.9918,1.2096,1.0729,0.60403,0.55298,0.55366,0.22502,1.9819,1.2204,1.0986,0.00739,0.00739,0.00739,,,,,,,,
147,1.9912,1.2124,1.0722,0.60312,0.5527,0.55315,0.22505,1.9815,1.2199,1.0985,0.007372,0.007372,0.007372,,,,,,,,
148,1.9793,1.2096,1.069,0.60864,0.55607,0.55951,0.22566,1.9808,1.2193,1.0983,0.007354,0.007354,0.007354,,,,,,,,
149,1.9861,1.2049,1.0734,0.61198,0.55734,0.56027,0.22663,1.9803,1.2194,1.0981,0.007336,0.007336,0.007336,,,,,,,,
150,1.9752,1.206,1.0732,0.6095,0.55595,0.55465,0.22595,1.9805,1.2182,1.0978,0.007318,0.007318,0.007318,,,,,,,,
151,1.98,1.2068,1.0698,0.61512,0.55162,0.55564,0.2262,1.9798,1.2165,1.0976,0.0073,0.0073,0.0073,,,,,,,,
152,1.9727,1.1967,1.0659,0.61086,0.55112,0.5542,0.22608,1.9798,1.2165,1.0976,0.007282,0.007282,0.007282,,,,,,,,
153,1.9874,1.1986,1.0699,0.61054,0.55163,0.55438,0.22567,1.9796,1.2164,1.0976,0.007264,0.007264,0.007264,,,,,,,,
154,1.9859,1.2029,1.0744,0.61353,0.55685,0.55838,0.22677,1.9793,1.2164,1.0974,0.007246,0.007246,0.007246,,,,,,,,
155,1.9869,1.2059,1.0692,0.61293,0.5519,0.55554,0.22663,1.9785,1.2156,1.0973,0.007228,0.007228,0.007228,,,,,,,,
156,1.9981,1.2003,1.0704,0.6097,0.55256,0.55587,0.22704,1.9777,1.2143,1.0969,0.00721,0.00721,0.00721,,,,,,,,
157,1.9829,1.2038,1.0712,0.60406,0.55147,0.55723,0.22742,1.9776,1.2133,1.0969,0.007192,0.007192,0.007192,,,,,,,,
158,1.9889,1.2084,1.0758,0.61064,0.55393,0.55694,0.22771,1.9773,1.2133,1.0966,0.007174,0.007174,0.007174,,,,,,,,
159,1.986,1.2107,1.0706,0.61182,0.55329,0.55994,0.22746,1.9777,1.2131,1.0967,0.007156,0.007156,0.007156,,,,,,,,
160,1.9755,1.2041,1.0729,0.60254,0.56129,0.55988,0.22779,1.9774,1.2112,1.0966,0.007138,0.007138,0.007138,,,,,,,,
161,1.9754,1.1942,1.0695,0.59824,0.56636,0.55994,0.22804,1.9768,1.2108,1.0965,0.00712,0.00712,0.00712,,,,,,,,
162,1.9809,1.201,1.0743,0.61991,0.55235,0.55788,0.22839,1.9768,1.2101,1.0963,0.007102,0.007102,0.007102,,,,,,,,
163,1.9697,1.1821,1.0636,0.5962,0.57209,0.55956,0.22962,1.9773,1.2094,1.0963,0.007084,0.007084,0.007084,,,,,,,,
164,1.9852,1.2033,1.0703,0.59515,0.57253,0.55949,0.22951,1.9769,1.2094,1.0959,0.007066,0.007066,0.007066,,,,,,,,
165,1.9817,1.1864,1.0736,0.59272,0.57181,0.55907,0.22933,1.9763,1.2085,1.0955,0.007048,0.007048,0.007048,,,,,,,,
166,1.9805,1.1817,1.0704,0.59136,0.56759,0.55194,0.22899,1.9758,1.2078,1.0952,0.00703,0.00703,0.00703,,,,,,,,
167,1.9762,1.1974,1.0716,0.59587,0.56559,0.5515,0.22862,1.9759,1.2067,1.0952,0.007012,0.007012,0.007012,,,,,,,,
168,1.9771,1.1928,1.0729,0.60125,0.56881,0.55703,0.22951,1.9755,1.207,1.095,0.006994,0.006994,0.006994,,,,,,,,
169,1.9753,1.1923,1.0737,0.60473,0.56814,0.55745,0.2302,1.9753,1.2064,1.095,0.006976,0.006976,0.006976,,,,,,,,
170,1.9676,1.188,1.0644,0.60108,0.56874,0.55537,0.22955,1.9744,1.2053,1.0949,0.006958,0.006958,0.006958,,,,,,,,
171,1.9785,1.1908,1.0687,0.59566,0.57151,0.55514,0.22959,1.9745,1.2042,1.0949,0.00694,0.00694,0.00694,,,,,,,,
172,1.9822,1.1882,1.0697,0.5934,0.56975,0.55366,0.23044,1.9741,1.2042,1.0947,0.006922,0.006922,0.006922,,,,,,,,
173,1.9791,1.1904,1.0672,0.59508,0.56737,0.5558,0.23168,1.9747,1.2038,1.0947,0.006904,0.006904,0.006904,,,,,,,,
174,1.9706,1.1835,1.0653,0.5992,0.5674,0.5562,0.23157,1.9743,1.2031,1.0948,0.006886,0.006886,0.006886,,,,,,,,
175,1.9869,1.1871,1.0687,0.59862,0.56719,0.55629,0.23109,1.9741,1.2024,1.0947,0.006868,0.006868,0.006868,,,,,,,,
176,1.9733,1.1998,1.0678,0.60165,0.56875,0.55782,0.23169,1.9745,1.2023,1.0947,0.00685,0.00685,0.00685,,,,,,,,
177,1.9774,1.186,1.0669,0.60902,0.56612,0.55944,0.23201,1.9738,1.2013,1.0947,0.006832,0.006832,0.006832,,,,,,,,
178,1.9818,1.1877,1.0655,0.61289,0.56498,0.55936,0.23237,1.9733,1.2004,1.0946,0.006814,0.006814,0.006814,,,,,,,,
179,1.9646,1.1792,1.0624,0.62399,0.55613,0.55927,0.23218,1.9734,1.2002,1.0946,0.006796,0.006796,0.006796,,,,,,,,
180,1.9685,1.1784,1.0652,0.61559,0.55849,0.56018,0.23234,1.9731,1.1985,1.0947,0.006778,0.006778,0.006778,,,,,,,,
181,1.9699,1.1896,1.0671,0.61314,0.56047,0.56014,0.23311,1.9732,1.1973,1.0945,0.00676,0.00676,0.00676,,,,,,,,
182,1.9716,1.1788,1.0647,0.61115,0.55793,0.55887,0.2333,1.9725,1.197,1.0945,0.006742,0.006742,0.006742,,,,,,,,
183,1.9684,1.1818,1.0663,0.61364,0.55505,0.55933,0.23376,1.9723,1.1962,1.0943,0.006724,0.006724,0.006724,,,,,,,,
184,1.9679,1.1792,1.0645,0.61333,0.55693,0.56154,0.23452,1.9721,1.1954,1.0941,0.006706,0.006706,0.006706,,,,,,,,
185,1.9726,1.1892,1.074,0.61516,0.55912,0.56337,0.23455,1.9717,1.1944,1.094,0.006688,0.006688,0.006688,,,,,,,,
186,1.9806,1.1953,1.0677,0.61074,0.56035,0.56437,0.23487,1.9714,1.1935,1.0937,0.00667,0.00667,0.00667,,,,,,,,
187,1.9756,1.184,1.0706,0.6092,0.563,0.56318,0.23467,1.9709,1.1933,1.0937,0.006652,0.006652,0.006652,,,,,,,,
188,1.9653,1.1826,1.0672,0.61363,0.56026,0.56604,0.23693,1.9702,1.1925,1.0935,0.006634,0.006634,0.006634,,,,,,,,
189,1.9712,1.1863,1.0685,0.6231,0.55815,0.56812,0.23712,1.9701,1.1912,1.0935,0.006616,0.006616,0.006616,,,,,,,,
190,1.9719,1.1816,1.0673,0.62185,0.55876,0.56958,0.23784,1.9693,1.1904,1.0933,0.006598,0.006598,0.006598,,,,,,,,
191,1.9772,1.1954,1.0695,0.61985,0.5597,0.56893,0.23709,1.9692,1.1904,1.0933,0.00658,0.00658,0.00658,,,,,,,,
192,1.9762,1.1895,1.0705,0.61818,0.5606,0.56847,0.23711,1.9685,1.1899,1.0931,0.006562,0.006562,0.006562,,,,,,,,
193,1.9736,1.175,1.0671,0.62562,0.55652,0.5701,0.23723,1.9676,1.1885,1.0929,0.006544,0.006544,0.006544,,,,,,,,
194,1.9741,1.1784,1.0654,0.62275,0.55857,0.57226,0.23812,1.9671,1.1878,1.0927,0.006526,0.006526,0.006526,,,,,,,,
195,1.9616,1.1697,1.0607,0.62992,0.55489,0.57134,0.23784,1.9661,1.1867,1.0925,0.006508,0.006508,0.006508,,,,,,,,
196,1.9607,1.1714,1.0655,0.62784,0.55474,0.57282,0.23925,1.9655,1.1864,1.0924,0.00649,0.00649,0.00649,,,,,,,,
197,1.9682,1.174,1.0653,0.62679,0.55525,0.57329,0.23973,1.9652,1.1861,1.0923,0.006472,0.006472,0.006472,,,,,,,,
198,1.9667,1.1723,1.0659,0.6261,0.55326,0.57041,0.24001,1.9651,1.1852,1.0923,0.006454,0.006454,0.006454,,,,,,,,
199,1.9696,1.1768,1.0658,0.633,0.55457,0.57139,0.24036,1.9648,1.1847,1.0922,0.006436,0.006436,0.006436,,,,,,,,
200,1.9642,1.17,1.0627,0.63234,0.55751,0.57334,0.24113,1.9647,1.1839,1.0922,0.006418,0.006418,0.006418,,,,,,,,
201,1.9668,1.1701,1.0619,0.62589,0.56421,0.57499,0.24156,1.9646,1.1828,1.0922,0.0064,0.0064,0.0064,,,,,,,,
202,1.9715,1.1901,1.0681,0.62226,0.56548,0.5695,0.24091,1.964,1.1818,1.092,0.006382,0.006382,0.006382,,,,,,,,
203,1.9708,1.1677,1.0634,0.62025,0.56849,0.56919,0.24114,1.9637,1.1808,1.0918,0.006364,0.006364,0.006364,,,,,,,,
204,1.9706,1.1741,1.0629,0.62429,0.56986,0.5712,0.24153,1.9636,1.1802,1.0918,0.006346,0.006346,0.006346,,,,,,,,
205,1.972,1.1718,1.0676,0.6287,0.56645,0.56958,0.24087,1.9636,1.1796,1.0917,0.006328,0.006328,0.006328,,,,,,,,
206,1.9676,1.1716,1.0667,0.62158,0.57127,0.57102,0.24189,1.9636,1.1793,1.0918,0.00631,0.00631,0.00631,,,,,,,,
207,1.968,1.1616,1.0676,0.61551,0.56724,0.56505,0.24135,1.9638,1.1788,1.0917,0.006292,0.006292,0.006292,,,,,,,,
208,1.9696,1.165,1.0615,0.61922,0.56512,0.56485,0.24099,1.9633,1.1782,1.0917,0.006274,0.006274,0.006274,,,,,,,,
209,1.9564,1.1592,1.0646,0.62369,0.56753,0.57085,0.24147,1.9632,1.1772,1.0918,0.006256,0.006256,0.006256,,,,,,,,
210,1.9732,1.162,1.072,0.62359,0.57331,0.57558,0.24217,1.9626,1.1764,1.0917,0.006238,0.006238,0.006238,,,,,,,,
211,1.9689,1.1706,1.0648,0.63633,0.56754,0.5766,0.24272,1.9624,1.1761,1.0917,0.00622,0.00622,0.00622,,,,,,,,
212,1.9628,1.1762,1.0704,0.63358,0.56126,0.57193,0.24222,1.9619,1.1751,1.0914,0.006202,0.006202,0.006202,,,,,,,,
213,1.9597,1.1609,1.0665,0.64227,0.56524,0.57637,0.24275,1.9619,1.1747,1.0915,0.006184,0.006184,0.006184,,,,,,,,
214,1.9515,1.1575,1.0609,0.63473,0.57194,0.57766,0.24424,1.9615,1.1737,1.0913,0.006166,0.006166,0.006166,,,,,,,,
215,1.9658,1.1594,1.0607,0.63316,0.57233,0.57709,0.24442,1.9618,1.1732,1.0913,0.006148,0.006148,0.006148,,,,,,,,
216,1.9475,1.1579,1.0619,0.6428,0.56629,0.57796,0.24489,1.9617,1.1731,1.0915,0.00613,0.00613,0.00613,,,,,,,,
217,1.9688,1.1757,1.0617,0.63702,0.56986,0.57829,0.2464,1.9613,1.1726,1.0915,0.006112,0.006112,0.006112,,,,,,,,
218,1.9599,1.1686,1.065,0.63928,0.56887,0.5777,0.24684,1.9611,1.1727,1.0914,0.006094,0.006094,0.006094,,,,,,,,
219,1.9529,1.1641,1.0661,0.63433,0.57029,0.57704,0.24664,1.9608,1.1723,1.0915,0.006076,0.006076,0.006076,,,,,,,,
220,1.9611,1.1512,1.0676,0.63875,0.56902,0.57755,0.24621,1.9598,1.1714,1.0912,0.006058,0.006058,0.006058,,,,,,,,
221,1.9584,1.1564,1.063,0.64259,0.56798,0.57849,0.24645,1.9601,1.1711,1.0911,0.00604,0.00604,0.00604,,,,,,,,
222,1.9578,1.1581,1.0639,0.64369,0.57108,0.57925,0.24675,1.9606,1.1706,1.0911,0.006022,0.006022,0.006022,,,,,,,,
223,1.9606,1.1649,1.0662,0.646,0.57052,0.57925,0.24696,1.9598,1.1696,1.0911,0.006004,0.006004,0.006004,,,,,,,,
224,1.9627,1.1748,1.0664,0.65119,0.56925,0.57943,0.24641,1.9597,1.1697,1.0911,0.005986,0.005986,0.005986,,,,,,,,
225,1.9634,1.1687,1.0611,0.65113,0.56501,0.57714,0.24579,1.9593,1.1691,1.0909,0.005968,0.005968,0.005968,,,,,,,,
226,1.979,1.165,1.0691,0.65948,0.56518,0.58814,0.24709,1.959,1.1682,1.091,0.00595,0.00595,0.00595,,,,,,,,
227,1.9462,1.1539,1.068,0.6602,0.56446,0.58856,0.24763,1.9589,1.1672,1.0909,0.005932,0.005932,0.005932,,,,,,,,
228,1.9571,1.1622,1.0641,0.66052,0.56511,0.58847,0.24751,1.9583,1.1668,1.0908,0.005914,0.005914,0.005914,,,,,,,,
229,1.9519,1.1514,1.0638,0.65882,0.56603,0.58884,0.24784,1.9586,1.1662,1.0907,0.005896,0.005896,0.005896,,,,,,,,
230,1.9566,1.1435,1.0637,0.65954,0.56557,0.58864,0.24779,1.959,1.1658,1.0908,0.005878,0.005878,0.005878,,,,,,,,
231,1.9594,1.1539,1.0661,0.66017,0.56679,0.58984,0.24826,1.9584,1.1655,1.0905,0.00586,0.00586,0.00586,,,,,,,,
232,1.9563,1.1574,1.064,0.6617,0.56749,0.59207,0.24908,1.9589,1.1651,1.0904,0.005842,0.005842,0.005842,,,,,,,,
233,1.9571,1.1531,1.0627,0.65887,0.56824,0.59124,0.2491,1.9586,1.1647,1.0903,0.005824,0.005824,0.005824,,,,,,,,
234,1.9619,1.1698,1.0657,0.65643,0.56762,0.59102,0.24886,1.9589,1.1644,1.0905,0.005806,0.005806,0.005806,,,,,,,,
235,1.9595,1.1651,1.0649,0.66644,0.56589,0.5912,0.24903,1.959,1.1644,1.0904,0.005788,0.005788,0.005788,,,,,,,,
236,1.9608,1.1689,1.0616,0.65517,0.56899,0.59156,0.24845,1.9595,1.1641,1.0905,0.00577,0.00577,0.00577,,,,,,,,
237,1.9565,1.1504,1.0585,0.65648,0.56663,0.59161,0.2486,1.9589,1.1643,1.0904,0.005752,0.005752,0.005752,,,,,,,,
238,1.9589,1.1585,1.063,0.66653,0.56379,0.59217,0.24886,1.9588,1.164,1.0905,0.005734,0.005734,0.005734,,,,,,,,
239,1.9541,1.144,1.0617,0.66952,0.56224,0.59154,0.2493,1.9587,1.1631,1.0904,0.005716,0.005716,0.005716,,,,,,,,
240,1.9569,1.1475,1.0654,0.66869,0.56176,0.59268,0.2489,1.9583,1.1627,1.0903,0.005698,0.005698,0.005698,,,,,,,,
241,1.9564,1.1542,1.0637,0.6541,0.56585,0.59289,0.24911,1.958,1.1614,1.09,0.00568,0.00568,0.00568,,,,,,,,
242,1.9473,1.1455,1.0589,0.65309,0.56573,0.59236,0.24984,1.9582,1.162,1.09,0.005662,0.005662,0.005662,,,,,,,,
243,1.9522,1.1487,1.0615,0.64589,0.56652,0.59246,0.24993,1.9581,1.1605,1.0897,0.005644,0.005644,0.005644,,,,,,,,
244,1.9487,1.1459,1.061,0.65196,0.56506,0.59207,0.24931,1.9575,1.1608,1.0898,0.005626,0.005626,0.005626,,,,,,,,
245,1.949,1.1445,1.0596,0.65446,0.56394,0.59301,0.25005,1.9573,1.1597,1.0897,0.005608,0.005608,0.005608,,,,,,,,
246,1.9509,1.1536,1.0604,0.65044,0.56554,0.59548,0.25162,1.9571,1.159,1.0895,0.00559,0.00559,0.00559,,,,,,,,
247,1.9542,1.1489,1.0587,0.64852,0.56524,0.59471,0.25107,1.9566,1.159,1.0894,0.005572,0.005572,0.005572,,,,,,,,
248,1.9536,1.1476,1.0623,0.64922,0.5679,0.59541,0.25127,1.9568,1.1599,1.0892,0.005554,0.005554,0.005554,,,,,,,,
249,1.9572,1.1457,1.0618,0.65133,0.57294,0.59443,0.25147,1.9565,1.1596,1.0891,0.005536,0.005536,0.005536,,,,,,,,
250,1.9547,1.1456,1.0604,0.64986,0.5692,0.59449,0.25193,1.957,1.1591,1.0891,0.005518,0.005518,0.005518,,,,,,,,
251,1.9573,1.1548,1.0583,0.65142,0.57149,0.59422,0.25229,1.956,1.1586,1.0888,0.0055,0.0055,0.0055,,,,,,,,
252,1.9446,1.1412,1.0621,0.64939,0.5745,0.59441,0.25212,1.9555,1.158,1.0888,0.005482,0.005482,0.005482,,,,,,,,
253,1.9473,1.1393,1.0617,0.65001,0.57488,0.59394,0.2521,1.9562,1.158,1.0888,0.005464,0.005464,0.005464,,,,,,,,
254,1.9507,1.1468,1.0581,0.62841,0.5892,0.594,0.2523,1.9556,1.1577,1.0884,0.005446,0.005446,0.005446,,,,,,,,
255,1.9458,1.148,1.0613,0.62816,0.58939,0.59412,0.25222,1.9558,1.1568,1.0884,0.005428,0.005428,0.005428,,,,,,,,
256,1.9512,1.1414,1.0553,0.63141,0.58833,0.59332,0.25214,1.955,1.1562,1.0882,0.00541,0.00541,0.00541,,,,,,,,
257,1.9536,1.135,1.0613,0.63184,0.58901,0.59413,0.25232,1.9551,1.1556,1.0881,0.005392,0.005392,0.005392,,,,,,,,
258,1.9472,1.1397,1.0661,0.63249,0.58861,0.59462,0.25252,1.9546,1.1548,1.088,0.005374,0.005374,0.005374,,,,,,,,
259,1.9434,1.1362,1.0631,0.63221,0.59113,0.59974,0.25244,1.9541,1.1547,1.0879,0.005356,0.005356,0.005356,,,,,,,,
260,1.9498,1.1444,1.0622,0.63538,0.59114,0.59997,0.25247,1.9539,1.1549,1.0877,0.005338,0.005338,0.005338,,,,,,,,
261,1.9541,1.1527,1.0627,0.6362,0.59094,0.60002,0.25362,1.9536,1.1544,1.0876,0.00532,0.00532,0.00532,,,,,,,,
262,1.9498,1.1482,1.0608,0.63749,0.59108,0.60092,0.25284,1.953,1.1543,1.0876,0.005302,0.005302,0.005302,,,,,,,,
263,1.9446,1.138,1.0591,0.63545,0.58914,0.59839,0.2531,1.9528,1.1542,1.0875,0.005284,0.005284,0.005284,,,,,,,,
264,1.9519,1.1372,1.057,0.63231,0.59047,0.59827,0.25349,1.9526,1.1537,1.0874,0.005266,0.005266,0.005266,,,,,,,,
265,1.9372,1.1357,1.0612,0.63867,0.58998,0.59782,0.25306,1.9528,1.1541,1.0873,0.005248,0.005248,0.005248,,,,,,,,
266,1.9426,1.1278,1.0549,0.65267,0.58278,0.60031,0.25318,1.953,1.1531,1.0873,0.00523,0.00523,0.00523,,,,,,,,
267,1.9454,1.1439,1.0553,0.64518,0.58844,0.59963,0.25389,1.9528,1.1519,1.0871,0.005212,0.005212,0.005212,,,,,,,,
268,1.943,1.1333,1.0623,0.64512,0.58882,0.60168,0.25384,1.9526,1.1515,1.087,0.005194,0.005194,0.005194,,,,,,,,
269,1.9539,1.1452,1.0618,0.64275,0.58857,0.60094,0.25402,1.9518,1.1523,1.0869,0.005176,0.005176,0.005176,,,,,,,,
270,1.9484,1.1352,1.0586,0.64268,0.58958,0.6003,0.25396,1.9516,1.1523,1.0869,0.005158,0.005158,0.005158,,,,,,,,
271,1.9492,1.1469,1.0531,0.63881,0.59116,0.59995,0.25372,1.9516,1.1518,1.087,0.00514,0.00514,0.00514,,,,,,,,
272,1.9458,1.1382,1.0624,0.63899,0.59185,0.60111,0.25432,1.9516,1.1521,1.087,0.005122,0.005122,0.005122,,,,,,,,
273,1.9407,1.1343,1.0606,0.64056,0.59161,0.6001,0.25386,1.952,1.1517,1.0871,0.005104,0.005104,0.005104,,,,,,,,
274,1.9398,1.1359,1.0557,0.63681,0.59161,0.59915,0.25415,1.9514,1.151,1.0871,0.005086,0.005086,0.005086,,,,,,,,
275,1.9515,1.1271,1.0575,0.63228,0.59345,0.59992,0.25469,1.952,1.1502,1.087,0.005068,0.005068,0.005068,,,,,,,,
276,1.9417,1.1454,1.0647,0.63129,0.59398,0.60052,0.25449,1.9522,1.1504,1.0871,0.00505,0.00505,0.00505,,,,,,,,
277,1.9469,1.1245,1.0546,0.627,0.59735,0.60024,0.25386,1.9526,1.1493,1.0872,0.005032,0.005032,0.005032,,,,,,,,
278,1.9422,1.1303,1.0552,0.62043,0.59751,0.60079,0.25409,1.9524,1.1491,1.0872,0.005014,0.005014,0.005014,,,,,,,,
279,1.9559,1.1358,1.0566,0.62138,0.5976,0.6014,0.25442,1.9519,1.1491,1.0872,0.004996,0.004996,0.004996,,,,,,,,
280,1.9358,1.1308,1.0555,0.62309,0.59591,0.60158,0.25408,1.9512,1.148,1.0871,0.004978,0.004978,0.004978,,,,,,,,
281,1.9396,1.1233,1.064,0.62305,0.59601,0.60162,0.25433,1.9516,1.1478,1.087,0.00496,0.00496,0.00496,,,,,,,,
282,1.9425,1.1203,1.054,0.62307,0.59316,0.60146,0.25373,1.9507,1.1473,1.0868,0.004942,0.004942,0.004942,,,,,,,,
283,1.9466,1.1333,1.0573,0.62132,0.59416,0.60112,0.25372,1.9507,1.1471,1.0869,0.004924,0.004924,0.004924,,,,,,,,
284,1.9489,1.1354,1.0607,0.6223,0.59328,0.60138,0.25413,1.9508,1.1464,1.0868,0.004906,0.004906,0.004906,,,,,,,,
285,1.9417,1.1237,1.0564,0.62225,0.59357,0.60171,0.25427,1.9503,1.1451,1.0866,0.004888,0.004888,0.004888,,,,,,,,
286,1.9547,1.1431,1.0571,0.61537,0.59686,0.60163,0.25427,1.9505,1.1449,1.0867,0.00487,0.00487,0.00487,,,,,,,,
287,1.9448,1.1416,1.0641,0.61312,0.59789,0.60028,0.25333,1.9508,1.1435,1.0867,0.004852,0.004852,0.004852,,,,,,,,
288,1.9227,1.1154,1.0554,0.61442,0.59796,0.60027,0.25319,1.9506,1.1436,1.0865,0.004834,0.004834,0.004834,,,,,,,,
289,1.9359,1.1293,1.0562,0.61228,0.6014,0.60024,0.2538,1.9511,1.1431,1.0865,0.004816,0.004816,0.004816,,,,,,,,
290,1.9434,1.1293,1.0568,0.62404,0.59691,0.60081,0.25402,1.9505,1.1421,1.0864,0.004798,0.004798,0.004798,,,,,,,,
291,1.9312,1.1324,1.0626,0.60503,0.61434,0.60235,0.25413,1.9506,1.1416,1.0865,0.00478,0.00478,0.00478,,,,,,,,
292,1.9418,1.1367,1.0584,0.6093,0.61485,0.60117,0.25366,1.9504,1.1409,1.0865,0.004762,0.004762,0.004762,,,,,,,,
293,1.9377,1.1307,1.0567,0.60072,0.61596,0.60065,0.25367,1.9497,1.1408,1.0863,0.004744,0.004744,0.004744,,,,,,,,
294,1.9402,1.1274,1.0581,0.60002,0.61622,0.60246,0.25328,1.9493,1.1404,1.0862,0.004726,0.004726,0.004726,,,,,,,,
295,1.943,1.1197,1.0542,0.60482,0.61556,0.60214,0.25399,1.9495,1.1409,1.0863,0.004708,0.004708,0.004708,,,,,,,,
296,1.9315,1.1185,1.0585,0.60714,0.61364,0.60247,0.25372,1.9492,1.1408,1.0862,0.00469,0.00469,0.00469,,,,,,,,
297,1.9333,1.117,1.0511,0.61195,0.60934,0.60406,0.25487,1.9487,1.1403,1.0863,0.004672,0.004672,0.004672,,,,,,,,
298,1.9378,1.1237,1.0565,0.60139,0.61646,0.60373,0.25504,1.9481,1.1398,1.086,0.004654,0.004654,0.004654,,,,,,,,
299,1.9273,1.1171,1.058,0.6048,0.61686,0.60442,0.25549,1.9478,1.1387,1.086,0.004636,0.004636,0.004636,,,,,,,,
300,1.9414,1.1222,1.0596,0.60356,0.61235,0.60427,0.25504,1.9476,1.1386,1.086,0.004618,0.004618,0.004618,,,,,,,,
301,1.9414,1.1231,1.0561,0.60109,0.61282,0.60432,0.25492,1.9476,1.1376,1.0858,0.0046,0.0046,0.0046,,,,,,,,
302,1.9293,1.115,1.0572,0.60003,0.61358,0.60362,0.25534,1.9472,1.1379,1.0858,0.004582,0.004582,0.004582,,,,,,,,
303,1.9427,1.1213,1.0538,0.60658,0.6074,0.60355,0.25532,1.9472,1.1372,1.0857,0.004564,0.004564,0.004564,,,,,,,,
304,1.9357,1.1177,1.0587,0.6081,0.60977,0.60687,0.25587,1.9472,1.1367,1.0856,0.004546,0.004546,0.004546,,,,,,,,
305,1.9372,1.12,1.0546,0.60731,0.60771,0.60523,0.25603,1.9475,1.1361,1.0858,0.004528,0.004528,0.004528,,,,,,,,
306,1.9279,1.1173,1.0523,0.60639,0.60628,0.6048,0.25583,1.9473,1.136,1.0858,0.00451,0.00451,0.00451,,,,,,,,
307,1.9341,1.1104,1.0528,0.60517,0.61161,0.60498,0.25584,1.9468,1.1359,1.0856,0.004492,0.004492,0.004492,,,,,,,,
308,1.9311,1.1101,1.0556,0.60678,0.60661,0.6041,0.25641,1.9465,1.1351,1.0856,0.004474,0.004474,0.004474,,,,,,,,
309,1.9366,1.1293,1.057,0.60469,0.61147,0.60409,0.25649,1.9463,1.1346,1.0855,0.004456,0.004456,0.004456,,,,,,,,
310,1.9239,1.1043,1.0579,0.60373,0.61396,0.60616,0.25692,1.947,1.1342,1.0855,0.004438,0.004438,0.004438,,,,,,,,
311,1.9384,1.1133,1.0567,0.60697,0.61167,0.607,0.25691,1.9464,1.1341,1.0854,0.00442,0.00442,0.00442,,,,,,,,
312,1.9443,1.1289,1.0584,0.61015,0.60787,0.60774,0.2565,1.9463,1.133,1.0858,0.004402,0.004402,0.004402,,,,,,,,
313,1.9385,1.1097,1.0507,0.63912,0.58571,0.60866,0.25656,1.9461,1.1334,1.0859,0.004384,0.004384,0.004384,,,,,,,,
314,1.9349,1.1129,1.0579,0.66079,0.57795,0.60953,0.25722,1.9463,1.133,1.0857,0.004366,0.004366,0.004366,,,,,,,,
315,1.9272,1.0992,1.0497,0.63641,0.59235,0.60998,0.25729,1.9462,1.1325,1.0855,0.004348,0.004348,0.004348,,,,,,,,
316,1.9389,1.1213,1.0588,0.63717,0.59176,0.61099,0.25767,1.946,1.1333,1.0855,0.00433,0.00433,0.00433,,,,,,,,
317,1.9389,1.1194,1.0573,0.64026,0.58524,0.60281,0.25696,1.9465,1.1322,1.0854,0.004312,0.004312,0.004312,,,,,,,,
318,1.9304,1.1118,1.0515,0.63324,0.58684,0.60424,0.25701,1.9464,1.1327,1.0855,0.004294,0.004294,0.004294,,,,,,,,
319,1.9299,1.1089,1.0552,0.64387,0.58403,0.60409,0.25746,1.9461,1.1319,1.0854,0.004276,0.004276,0.004276,,,,,,,,
320,1.935,1.1074,1.0572,0.64836,0.57953,0.60549,0.25755,1.946,1.1321,1.0854,0.004258,0.004258,0.004258,,,,,,,,
321,1.9336,1.106,1.0519,0.64479,0.58304,0.60548,0.25702,1.9461,1.132,1.0855,0.00424,0.00424,0.00424,,,,,,,,
322,1.9304,1.1084,1.0533,0.63843,0.59119,0.60644,0.2574,1.9459,1.1308,1.0853,0.004222,0.004222,0.004222,,,,,,,,
323,1.9364,1.1108,1.0538,0.64319,0.58932,0.60698,0.25785,1.946,1.1311,1.0853,0.004204,0.004204,0.004204,,,,,,,,
324,1.9318,1.1228,1.0575,0.64058,0.58894,0.60741,0.25848,1.9452,1.131,1.0853,0.004186,0.004186,0.004186,,,,,,,,
325,1.9284,1.1203,1.0575,0.6391,0.58822,0.60574,0.25821,1.9453,1.1311,1.0853,0.004168,0.004168,0.004168,,,,,,,,
326,1.925,1.1085,1.0544,0.62901,0.59494,0.60535,0.2585,1.945,1.1306,1.0853,0.00415,0.00415,0.00415,,,,,,,,
327,1.9264,1.1081,1.0589,0.63654,0.59775,0.61111,0.25889,1.9452,1.1305,1.0854,0.004132,0.004132,0.004132,,,,,,,,
328,1.935,1.1224,1.0543,0.63057,0.60532,0.61802,0.2594,1.9444,1.1305,1.0853,0.004114,0.004114,0.004114,,,,,,,,
329,1.9351,1.1165,1.0571,0.65674,0.58433,0.62043,0.25968,1.9447,1.13,1.0852,0.004096,0.004096,0.004096,,,,,,,,
330,1.928,1.1114,1.0532,0.62403,0.61007,0.61704,0.25929,1.9446,1.1294,1.0852,0.004078,0.004078,0.004078,,,,,,,,
331,1.9257,1.1092,1.0529,0.6231,0.60979,0.61738,0.25959,1.9446,1.1289,1.0852,0.00406,0.00406,0.00406,,,,,,,,
332,1.9317,1.1022,1.0558,0.60729,0.62117,0.61785,0.25867,1.9446,1.1286,1.0852,0.004042,0.004042,0.004042,,,,,,,,
333,1.9352,1.1054,1.0555,0.60662,0.61838,0.61377,0.25851,1.945,1.1285,1.0854,0.004024,0.004024,0.004024,,,,,,,,
334,1.9306,1.0974,1.0587,0.60959,0.62054,0.61585,0.25879,1.9452,1.1286,1.0853,0.004006,0.004006,0.004006,,,,,,,,
335,1.9244,1.0961,1.0546,0.61386,0.62053,0.6139,0.25997,1.9448,1.1283,1.0853,0.003988,0.003988,0.003988,,,,,,,,
336,1.9203,1.0952,1.0523,0.61565,0.61735,0.61425,0.25983,1.9454,1.1285,1.0853,0.00397,0.00397,0.00397,,,,,,,,
337,1.9293,1.1057,1.0538,0.61401,0.62554,0.61546,0.26027,1.9453,1.1289,1.0853,0.003952,0.003952,0.003952,,,,,,,,
338,1.9311,1.1026,1.0529,0.61416,0.62608,0.61622,0.26132,1.9456,1.1281,1.0853,0.003934,0.003934,0.003934,,,,,,,,
339,1.9149,1.101,1.0556,0.61853,0.62733,0.61714,0.26103,1.9449,1.1279,1.0852,0.003916,0.003916,0.003916,,,,,,,,
340,1.9186,1.0983,1.0573,0.61303,0.62788,0.6175,0.26146,1.9447,1.1281,1.0852,0.003898,0.003898,0.003898,,,,,,,,
341,1.9187,1.097,1.0535,0.6133,0.62855,0.61792,0.26147,1.9449,1.1272,1.0852,0.00388,0.00388,0.00388,,,,,,,,
342,1.9239,1.1012,1.0505,0.61434,0.62833,0.61805,0.26153,1.9445,1.1272,1.0852,0.003862,0.003862,0.003862,,,,,,,,
343,1.9288,1.1061,1.0554,0.61387,0.63046,0.61886,0.26189,1.944,1.127,1.085,0.003844,0.003844,0.003844,,,,,,,,
344,1.9201,1.0971,1.0492,0.61534,0.62827,0.61696,0.26133,1.9441,1.1264,1.085,0.003826,0.003826,0.003826,,,,,,,,
345,1.9255,1.093,1.0513,0.62282,0.62432,0.61711,0.26103,1.9445,1.1263,1.085,0.003808,0.003808,0.003808,,,,,,,,
346,1.9225,1.1031,1.0543,0.62247,0.62616,0.61754,0.26084,1.9446,1.1256,1.085,0.00379,0.00379,0.00379,,,,,,,,
347,1.9264,1.1105,1.0524,0.61868,0.62714,0.61659,0.26028,1.9441,1.1254,1.085,0.003772,0.003772,0.003772,,,,,,,,
348,1.9207,1.0942,1.0525,0.62343,0.62782,0.61856,0.26091,1.9444,1.1255,1.085,0.003754,0.003754,0.003754,,,,,,,,
349,1.9199,1.0921,1.0532,0.62355,0.62574,0.61933,0.26125,1.9446,1.1253,1.085,0.003736,0.003736,0.003736,,,,,,,,
350,1.9237,1.1008,1.0502,0.62335,0.62707,0.6185,0.26133,1.9442,1.1246,1.0848,0.003718,0.003718,0.003718,,,,,,,,
351,1.923,1.0999,1.0536,0.6204,0.62456,0.61431,0.26016,1.9439,1.1245,1.0849,0.0037,0.0037,0.0037,,,,,,,,
352,1.9175,1.0933,1.0521,0.62575,0.62574,0.61673,0.26076,1.9442,1.1244,1.0848,0.003682,0.003682,0.003682,,,,,,,,
353,1.9314,1.0998,1.0465,0.62579,0.62503,0.61662,0.26103,1.9445,1.1245,1.0848,0.003664,0.003664,0.003664,,,,,,,,
354,1.9333,1.1134,1.0593,0.63338,0.6212,0.61751,0.26166,1.9443,1.1242,1.0846,0.003646,0.003646,0.003646,,,,,,,,
355,1.9213,1.0923,1.0541,0.62942,0.62353,0.61709,0.26124,1.9437,1.1242,1.0845,0.003628,0.003628,0.003628,,,,,,,,
356,1.9249,1.1089,1.0504,0.62944,0.62366,0.61717,0.26199,1.9433,1.1226,1.0845,0.00361,0.00361,0.00361,,,,,,,,
357,1.9151,1.0979,1.053,0.63146,0.62047,0.617,0.26164,1.9434,1.1223,1.0844,0.003592,0.003592,0.003592,,,,,,,,
358,1.9251,1.1063,1.0533,0.63275,0.62165,0.61774,0.26208,1.9431,1.1222,1.0844,0.003574,0.003574,0.003574,,,,,,,,
359,1.9195,1.0894,1.0529,0.6391,0.61524,0.61717,0.2618,1.9429,1.122,1.0843,0.003556,0.003556,0.003556,,,,,,,,
360,1.9156,1.0905,1.0499,0.6409,0.61229,0.61801,0.26238,1.9425,1.1214,1.0843,0.003538,0.003538,0.003538,,,,,,,,
361,1.913,1.0786,1.0493,0.6418,0.61436,0.61821,0.26177,1.9427,1.1211,1.0843,0.00352,0.00352,0.00352,,,,,,,,
362,1.925,1.1001,1.0546,0.64091,0.61966,0.62049,0.26173,1.9426,1.1206,1.0843,0.003502,0.003502,0.003502,,,,,,,,
363,1.9189,1.0945,1.0512,0.64312,0.61855,0.62111,0.26206,1.9425,1.1205,1.0844,0.003484,0.003484,0.003484,,,,,,,,
364,1.9203,1.0819,1.0485,0.6398,0.61684,0.61655,0.26149,1.942,1.1206,1.0843,0.003466,0.003466,0.003466,,,,,,,,
365,1.9252,1.0997,1.054,0.64135,0.61643,0.61702,0.26199,1.9418,1.1202,1.0843,0.003448,0.003448,0.003448,,,,,,,,
366,1.9189,1.091,1.0499,0.64067,0.61867,0.61785,0.26238,1.9423,1.1202,1.0844,0.00343,0.00343,0.00343,,,,,,,,
367,1.9199,1.0903,1.051,0.63972,0.61928,0.61707,0.26252,1.942,1.1203,1.0843,0.003412,0.003412,0.003412,,,,,,,,
368,1.9143,1.0832,1.0501,0.63925,0.61902,0.61658,0.26271,1.9427,1.1197,1.0842,0.003394,0.003394,0.003394,,,,,,,,
369,1.9315,1.1062,1.0529,0.64062,0.61972,0.61656,0.26255,1.9422,1.1196,1.0843,0.003376,0.003376,0.003376,,,,,,,,
370,1.9202,1.0871,1.0539,0.64028,0.61706,0.61641,0.26302,1.9424,1.1199,1.0844,0.003358,0.003358,0.003358,,,,,,,,
371,1.9319,1.0894,1.0492,0.64727,0.61941,0.62032,0.26317,1.9422,1.12,1.0845,0.00334,0.00334,0.00334,,,,,,,,
372,1.9222,1.0832,1.0523,0.64906,0.61809,0.61956,0.26306,1.9425,1.1189,1.0844,0.003322,0.003322,0.003322,,,,,,,,
373,1.9193,1.0868,1.0509,0.64639,0.61831,0.62041,0.26359,1.9425,1.1191,1.0845,0.003304,0.003304,0.003304,,,,,,,,
374,1.9217,1.0968,1.0492,0.64637,0.61648,0.62039,0.26444,1.9418,1.1182,1.0843,0.003286,0.003286,0.003286,,,,,,,,
375,1.9152,1.0699,1.0465,0.64993,0.61614,0.62104,0.26423,1.9414,1.1183,1.0842,0.003268,0.003268,0.003268,,,,,,,,
376,1.9194,1.0972,1.0493,0.64727,0.61597,0.61967,0.26383,1.9414,1.1178,1.084,0.00325,0.00325,0.00325,,,,,,,,
377,1.9076,1.0803,1.0468,0.6486,0.61567,0.61954,0.26347,1.9411,1.1168,1.084,0.003232,0.003232,0.003232,,,,,,,,
378,1.9219,1.0798,1.0527,0.6443,0.61439,0.61784,0.26339,1.9406,1.1165,1.0839,0.003214,0.003214,0.003214,,,,,,,,
379,1.9057,1.0842,1.0474,0.64523,0.61689,0.62164,0.2648,1.9403,1.1161,1.0838,0.003196,0.003196,0.003196,,,,,,,,
380,1.9065,1.0752,1.0509,0.64477,0.61708,0.62074,0.26401,1.9412,1.1161,1.0838,0.003178,0.003178,0.003178,,,,,,,,
381,1.9149,1.0791,1.0522,0.64471,0.61761,0.61997,0.26409,1.9416,1.1164,1.084,0.00316,0.00316,0.00316,,,,,,,,
382,1.9194,1.0857,1.0511,0.64216,0.61686,0.62,0.26479,1.9412,1.1161,1.0839,0.003142,0.003142,0.003142,,,,,,,,
383,1.9178,1.0773,1.0489,0.6452,0.61604,0.62235,0.26434,1.941,1.1149,1.0838,0.003124,0.003124,0.003124,,,,,,,,
384,1.9213,1.0934,1.0546,0.65233,0.61408,0.62349,0.26438,1.9411,1.1147,1.084,0.003106,0.003106,0.003106,,,,,,,,
385,1.9146,1.0731,1.0455,0.65117,0.61321,0.62337,0.26407,1.9412,1.1154,1.0841,0.003088,0.003088,0.003088,,,,,,,,
386,1.9136,1.0877,1.0523,0.6505,0.61247,0.6234,0.2637,1.9413,1.1148,1.0842,0.00307,0.00307,0.00307,,,,,,,,
387,1.9175,1.0862,1.0497,0.6518,0.61158,0.62608,0.26356,1.9412,1.1151,1.0842,0.003052,0.003052,0.003052,,,,,,,,
388,1.92,1.088,1.0471,0.65087,0.60829,0.62261,0.26394,1.9412,1.1151,1.0844,0.003034,0.003034,0.003034,,,,,,,,
389,1.9151,1.0755,1.0487,0.65207,0.60844,0.62235,0.26372,1.9417,1.1146,1.0845,0.003016,0.003016,0.003016,,,,,,,,
390,1.9223,1.0833,1.0481,0.65178,0.60945,0.62166,0.26292,1.941,1.1142,1.0845,0.002998,0.002998,0.002998,,,,,,,,
391,1.9154,1.0809,1.0466,0.65086,0.60722,0.62212,0.26435,1.9415,1.1132,1.0844,0.00298,0.00298,0.00298,,,,,,,,
392,1.9153,1.0823,1.0486,0.64962,0.60738,0.62186,0.26499,1.9412,1.1124,1.0845,0.002962,0.002962,0.002962,,,,,,,,
393,1.9049,1.083,1.0477,0.65055,0.60786,0.62483,0.2654,1.9409,1.1126,1.0843,0.002944,0.002944,0.002944,,,,,,,,
394,1.909,1.0811,1.0495,0.65034,0.61021,0.62706,0.26652,1.9402,1.1116,1.0841,0.002926,0.002926,0.002926,,,,,,,,
395,1.9086,1.0823,1.0497,0.66095,0.60617,0.62654,0.26559,1.9407,1.1114,1.0841,0.002908,0.002908,0.002908,,,,,,,,
396,1.9199,1.0835,1.0524,0.64805,0.61084,0.6265,0.26583,1.9404,1.1107,1.084,0.00289,0.00289,0.00289,,,,,,,,
397,1.9084,1.0741,1.0452,0.65211,0.60747,0.62378,0.26624,1.9405,1.1099,1.0841,0.002872,0.002872,0.002872,,,,,,,,
398,1.9119,1.0723,1.0481,0.65514,0.60668,0.6238,0.26647,1.9399,1.1101,1.0839,0.002854,0.002854,0.002854,,,,,,,,
399,1.9092,1.0682,1.0457,0.65519,0.60637,0.62337,0.26607,1.9401,1.1103,1.0839,0.002836,0.002836,0.002836,,,,,,,,
400,1.9064,1.0747,1.0487,0.65876,0.60801,0.62757,0.26645,1.9398,1.1099,1.0838,0.002818,0.002818,0.002818,,,,,,,,
401,1.9192,1.0871,1.0556,0.65721,0.60867,0.62676,0.26618,1.9406,1.1099,1.0839,0.0028,0.0028,0.0028,,,,,,,,
402,1.9121,1.0753,1.0485,0.63522,0.61539,0.62418,0.26657,1.9403,1.1093,1.0838,0.002782,0.002782,0.002782,,,,,,,,
403,1.91,1.079,1.0455,0.6621,0.5998,0.62399,0.26641,1.9408,1.1088,1.0838,0.002764,0.002764,0.002764,,,,,,,,
404,1.9221,1.0774,1.0541,0.65049,0.60397,0.62333,0.26621,1.9404,1.1088,1.0838,0.002746,0.002746,0.002746,,,,,,,,
405,1.9176,1.0779,1.0471,0.64202,0.60401,0.62038,0.26571,1.9407,1.1083,1.0837,0.002728,0.002728,0.002728,,,,,,,,
406,1.9076,1.0782,1.0459,0.64913,0.60375,0.6224,0.26527,1.9404,1.1077,1.0837,0.00271,0.00271,0.00271,,,,,,,,
407,1.909,1.0762,1.0452,0.65084,0.60164,0.6238,0.26578,1.9402,1.1074,1.0836,0.002692,0.002692,0.002692,,,,,,,,
408,1.9045,1.0765,1.0428,0.65068,0.59838,0.62452,0.26658,1.9401,1.1069,1.0835,0.002674,0.002674,0.002674,,,,,,,,
409,1.9011,1.0721,1.0433,0.6548,0.59744,0.62428,0.26687,1.9396,1.1072,1.0836,0.002656,0.002656,0.002656,,,,,,,,
410,1.902,1.0553,1.0432,0.64583,0.59756,0.61976,0.26576,1.9394,1.1072,1.0834,0.002638,0.002638,0.002638,,,,,,,,
411,1.9018,1.0736,1.051,0.64586,0.5976,0.62078,0.26571,1.9393,1.1062,1.0833,0.00262,0.00262,0.00262,,,,,,,,
412,1.9126,1.066,1.0427,0.64488,0.60263,0.62004,0.26602,1.9391,1.1066,1.0833,0.002602,0.002602,0.002602,,,,,,,,
413,1.9101,1.0722,1.0477,0.65425,0.5941,0.61969,0.26613,1.9392,1.1058,1.0832,0.002584,0.002584,0.002584,,,,,,,,
414,1.9083,1.0697,1.0466,0.65704,0.59388,0.62009,0.26622,1.9392,1.1055,1.0831,0.002566,0.002566,0.002566,,,,,,,,
415,1.9031,1.0706,1.0468,0.65596,0.59446,0.62028,0.26611,1.939,1.1056,1.0831,0.002548,0.002548,0.002548,,,,,,,,
416,1.8977,1.0698,1.042,0.6532,0.59321,0.61963,0.26595,1.9387,1.1057,1.083,0.00253,0.00253,0.00253,,,,,,,,
417,1.9041,1.0657,1.0464,0.65163,0.59765,0.61981,0.26643,1.9389,1.1047,1.0828,0.002512,0.002512,0.002512,,,,,,,,
418,1.8933,1.0605,1.0463,0.63367,0.60371,0.61557,0.26583,1.9391,1.1046,1.0829,0.002494,0.002494,0.002494,,,,,,,,
419,1.9036,1.0769,1.0413,0.63334,0.60522,0.6152,0.26574,1.9388,1.1043,1.0829,0.002476,0.002476,0.002476,,,,,,,,
420,1.9031,1.0742,1.0537,0.62955,0.60537,0.6145,0.2662,1.9389,1.1037,1.083,0.002458,0.002458,0.002458,,,,,,,,
421,1.9053,1.06,1.052,0.62573,0.60591,0.61367,0.266,1.9384,1.1036,1.0829,0.00244,0.00244,0.00244,,,,,,,,
422,1.9012,1.0617,1.0455,0.62753,0.60105,0.61451,0.26607,1.9384,1.1038,1.0828,0.002422,0.002422,0.002422,,,,,,,,
423,1.9044,1.0548,1.0456,0.62419,0.60765,0.61463,0.26604,1.9382,1.1033,1.0827,0.002404,0.002404,0.002404,,,,,,,,
424,1.914,1.0752,1.0514,0.62481,0.60825,0.61412,0.26532,1.9385,1.1027,1.0827,0.002386,0.002386,0.002386,,,,,,,,
425,1.8956,1.063,1.0453,0.62366,0.60711,0.61496,0.26631,1.9384,1.1023,1.0827,0.002368,0.002368,0.002368,,,,,,,,
426,1.9066,1.0744,1.0426,0.62272,0.60852,0.61442,0.26626,1.9379,1.1018,1.0827,0.00235,0.00235,0.00235,,,,,,,,
427,1.9017,1.0641,1.0407,0.62186,0.61079,0.61553,0.26656,1.9382,1.1017,1.0828,0.002332,0.002332,0.002332,,,,,,,,
428,1.8962,1.0567,1.0453,0.61754,0.61526,0.61786,0.26587,1.9377,1.1015,1.0826,0.002314,0.002314,0.002314,,,,,,,,
429,1.9021,1.0574,1.0497,0.61752,0.61821,0.61951,0.26576,1.9372,1.1012,1.0825,0.002296,0.002296,0.002296,,,,,,,,
430,1.9068,1.0627,1.045,0.62195,0.61624,0.61986,0.26536,1.9371,1.1006,1.0826,0.002278,0.002278,0.002278,,,,,,,,
431,1.9107,1.0735,1.047,0.62274,0.61582,0.61989,0.26549,1.9367,1.0996,1.0825,0.00226,0.00226,0.00226,,,,,,,,
432,1.8926,1.0582,1.0444,0.62096,0.61372,0.62093,0.26588,1.9365,1.0994,1.0823,0.002242,0.002242,0.002242,,,,,,,,
433,1.9037,1.0634,1.0445,0.62207,0.61241,0.6185,0.26647,1.9359,1.0986,1.0819,0.002224,0.002224,0.002224,,,,,,,,
434,1.9092,1.0645,1.043,0.61922,0.61398,0.6198,0.26726,1.9359,1.0983,1.0821,0.002206,0.002206,0.002206,,,,,,,,
435,1.9051,1.0647,1.0516,0.62281,0.6148,0.62108,0.26728,1.9357,1.0985,1.0821,0.002188,0.002188,0.002188,,,,,,,,
436,1.9019,1.0586,1.0432,0.62166,0.61353,0.62221,0.26748,1.9352,1.0982,1.082,0.00217,0.00217,0.00217,,,,,,,,
437,1.901,1.0619,1.0391,0.61939,0.61743,0.62259,0.26807,1.9348,1.0982,1.0819,0.002152,0.002152,0.002152,,,,,,,,
438,1.8892,1.0562,1.0449,0.61848,0.61557,0.61953,0.26677,1.9344,1.0976,1.0817,0.002134,0.002134,0.002134,,,,,,,,
439,1.8923,1.0596,1.0425,0.62156,0.61959,0.62266,0.26766,1.9346,1.097,1.0816,0.002116,0.002116,0.002116,,,,,,,,
440,1.8942,1.0499,1.0429,0.62475,0.61824,0.62333,0.26735,1.9344,1.0967,1.0816,0.002098,0.002098,0.002098,,,,,,,,
441,1.8983,1.0583,1.0462,0.62728,0.61782,0.62336,0.26809,1.9341,1.0971,1.0815,0.00208,0.00208,0.00208,,,,,,,,
442,1.8928,1.0538,1.0425,0.62525,0.62002,0.62224,0.26859,1.9346,1.0971,1.0817,0.002062,0.002062,0.002062,,,,,,,,
443,1.8976,1.0538,1.0437,0.6287,0.61544,0.62106,0.26805,1.9345,1.0972,1.0816,0.002044,0.002044,0.002044,,,,,,,,
444,1.8972,1.0575,1.0408,0.62867,0.61473,0.62084,0.26808,1.9343,1.0966,1.0816,0.002026,0.002026,0.002026,,,,,,,,
445,1.9058,1.0557,1.0403,0.63485,0.61144,0.62167,0.26839,1.934,1.0969,1.0817,0.002008,0.002008,0.002008,,,,,,,,
446,1.8987,1.0474,1.0414,0.63773,0.61105,0.62361,0.26854,1.9336,1.0962,1.0815,0.00199,0.00199,0.00199,,,,,,,,
447,1.8911,1.0465,1.0399,0.63783,0.61182,0.62343,0.26834,1.934,1.0959,1.0816,0.001972,0.001972,0.001972,,,,,,,,
448,1.8965,1.0582,1.0398,0.63842,0.60977,0.62553,0.2688,1.933,1.0955,1.0814,0.001954,0.001954,0.001954,,,,,,,,
449,1.8984,1.0576,1.0435,0.63793,0.61095,0.62499,0.26898,1.9334,1.0951,1.0815,0.001936,0.001936,0.001936,,,,,,,,
450,1.8907,1.0497,1.0432,0.6361,0.61352,0.62595,0.26853,1.9334,1.0951,1.0815,0.001918,0.001918,0.001918,,,,,,,,
451,1.8858,1.0501,1.0423,0.63465,0.6163,0.62608,0.26839,1.9333,1.0942,1.0815,0.0019,0.0019,0.0019,,,,,,,,
452,1.9052,1.0491,1.0488,0.63693,0.61398,0.62664,0.26862,1.9331,1.0942,1.0814,0.001882,0.001882,0.001882,,,,,,,,
453,1.9016,1.0567,1.0431,0.63674,0.6132,0.62605,0.26842,1.9337,1.094,1.0814,0.001864,0.001864,0.001864,,,,,,,,
454,1.8854,1.0446,1.0394,0.63409,0.61396,0.62256,0.26821,1.9331,1.0934,1.0814,0.001846,0.001846,0.001846,,,,,,,,
455,1.8915,1.0461,1.0437,0.63459,0.61498,0.62283,0.26781,1.9339,1.0933,1.0815,0.001828,0.001828,0.001828,,,,,,,,
456,1.8863,1.0523,1.0441,0.63685,0.61439,0.62187,0.26814,1.933,1.0925,1.0813,0.00181,0.00181,0.00181,,,,,,,,
457,1.8942,1.0565,1.0475,0.63895,0.61281,0.62109,0.26816,1.9332,1.0917,1.0815,0.001792,0.001792,0.001792,,,,,,,,
458,1.8773,1.037,1.0379,0.62458,0.62342,0.62037,0.26796,1.9327,1.0918,1.0814,0.001774,0.001774,0.001774,,,,,,,,
459,1.8924,1.0449,1.0419,0.62727,0.62631,0.62189,0.26828,1.9327,1.0922,1.0814,0.001756,0.001756,0.001756,,,,,,,,
460,1.884,1.0425,1.0376,0.62718,0.62632,0.62215,0.26856,1.9331,1.092,1.0814,0.001738,0.001738,0.001738,,,,,,,,
461,1.905,1.0446,1.0433,0.62964,0.62694,0.62252,0.26885,1.9329,1.0919,1.0814,0.00172,0.00172,0.00172,,,,,,,,
462,1.8945,1.0437,1.0452,0.63197,0.62643,0.62662,0.26935,1.932,1.0923,1.0809,0.001702,0.001702,0.001702,,,,,,,,
463,1.8854,1.0452,1.0441,0.63347,0.62696,0.626,0.26927,1.9319,1.0916,1.0809,0.001684,0.001684,0.001684,,,,,,,,
464,1.8885,1.0474,1.037,0.63313,0.62484,0.62507,0.26881,1.9317,1.0912,1.081,0.001666,0.001666,0.001666,,,,,,,,
465,1.8874,1.0409,1.0407,0.63483,0.62479,0.62533,0.26963,1.9315,1.091,1.081,0.001648,0.001648,0.001648,,,,,,,,
466,1.888,1.0433,1.0404,0.63469,0.62854,0.62645,0.26946,1.9314,1.09,1.081,0.00163,0.00163,0.00163,,,,,,,,
467,1.8869,1.0463,1.0445,0.63538,0.62691,0.62614,0.27027,1.9315,1.0901,1.081,0.001612,0.001612,0.001612,,,,,,,,
468,1.8841,1.0403,1.0387,0.63315,0.62698,0.62467,0.27011,1.9312,1.0899,1.0807,0.001594,0.001594,0.001594,,,,,,,,
469,1.886,1.0448,1.0411,0.63167,0.62772,0.62561,0.27084,1.9306,1.0897,1.0806,0.001576,0.001576,0.001576,,,,,,,,
470,1.8821,1.0356,1.0442,0.6349,0.62478,0.625,0.2703,1.9305,1.0891,1.0805,0.001558,0.001558,0.001558,,,,,,,,
471,1.8969,1.0443,1.0394,0.63667,0.62446,0.62539,0.2707,1.9305,1.0894,1.0805,0.00154,0.00154,0.00154,,,,,,,,
472,1.8898,1.0421,1.0439,0.63599,0.62563,0.62419,0.26996,1.9301,1.088,1.0804,0.001522,0.001522,0.001522,,,,,,,,
473,1.8856,1.0389,1.0406,0.63358,0.62625,0.62452,0.27073,1.9296,1.0874,1.0801,0.001504,0.001504,0.001504,,,,,,,,
474,1.8894,1.0306,1.0423,0.63334,0.62611,0.62481,0.27068,1.9297,1.0872,1.0802,0.001486,0.001486,0.001486,,,,,,,,
475,1.8768,1.0313,1.0406,0.63437,0.629,0.62478,0.26994,1.9297,1.0874,1.0801,0.001468,0.001468,0.001468,,,,,,,,
476,1.88,1.0423,1.0428,0.63255,0.62938,0.62423,0.26998,1.9302,1.0869,1.0802,0.00145,0.00145,0.00145,,,,,,,,
477,1.8881,1.0326,1.0376,0.63046,0.6327,0.62542,0.27016,1.9295,1.0867,1.0801,0.001432,0.001432,0.001432,,,,,,,,
478,1.8694,1.0293,1.0388,0.63282,0.63269,0.62537,0.27003,1.9295,1.0861,1.08,0.001414,0.001414,0.001414,,,,,,,,
479,1.8918,1.0314,1.038,0.6297,0.6333,0.62562,0.26995,1.9297,1.0858,1.08,0.001396,0.001396,0.001396,,,,,,,,
480,1.8894,1.0456,1.0395,0.62973,0.63451,0.62578,0.26923,1.9293,1.0857,1.08,0.001378,0.001378,0.001378,,,,,,,,
481,1.8897,1.0396,1.0417,0.62608,0.63473,0.62568,0.26919,1.9288,1.0857,1.08,0.00136,0.00136,0.00136,,,,,,,,
482,1.8905,1.0275,1.0368,0.62662,0.63545,0.62709,0.26969,1.929,1.0857,1.0798,0.001342,0.001342,0.001342,,,,,,,,
483,1.8792,1.0305,1.0397,0.62716,0.63478,0.6279,0.26953,1.9286,1.0857,1.0797,0.001324,0.001324,0.001324,,,,,,,,
484,1.8863,1.035,1.0373,0.6278,0.63433,0.62728,0.26977,1.9284,1.085,1.0796,0.001306,0.001306,0.001306,,,,,,,,
485,1.8766,1.0389,1.0431,0.62773,0.63404,0.62761,0.27015,1.9279,1.0851,1.0796,0.001288,0.001288,0.001288,,,,,,,,
486,1.8835,1.0325,1.0395,0.62694,0.63156,0.62577,0.26989,1.9275,1.0845,1.0796,0.00127,0.00127,0.00127,,,,,,,,
487,1.8772,1.0204,1.036,0.62718,0.63172,0.62588,0.26976,1.9274,1.0845,1.0795,0.001252,0.001252,0.001252,,,,,,,,
488,1.8884,1.0332,1.0368,0.62771,0.63167,0.62593,0.27044,1.9277,1.0845,1.0795,0.001234,0.001234,0.001234,,,,,,,,
489,1.8773,1.0308,1.0392,0.6315,0.6304,0.62616,0.27017,1.9276,1.0845,1.0795,0.001216,0.001216,0.001216,,,,,,,,
490,1.8815,1.025,1.0401,0.6359,0.62942,0.62523,0.27104,1.9278,1.0844,1.0795,0.001198,0.001198,0.001198,,,,,,,,
491,1.8771,1.0276,1.033,0.63595,0.62683,0.62493,0.27041,1.9282,1.0844,1.0795,0.00118,0.00118,0.00118,,,,,,,,
492,1.8841,1.0362,1.0369,0.63782,0.62876,0.62526,0.26903,1.9271,1.0835,1.0793,0.001162,0.001162,0.001162,,,,,,,,
493,1.8834,1.0322,1.0366,0.63901,0.62875,0.6292,0.26974,1.9273,1.0834,1.0794,0.001144,0.001144,0.001144,,,,,,,,
494,1.8746,1.0303,1.0386,0.63898,0.62935,0.62839,0.26949,1.9272,1.0833,1.0792,0.001126,0.001126,0.001126,,,,,,,,
495,1.8739,1.0175,1.0407,0.63812,0.62947,0.6283,0.26917,1.9273,1.0832,1.0793,0.001108,0.001108,0.001108,,,,,,,,
496,1.8759,1.031,1.0384,0.64585,0.63122,0.63,0.26975,1.9273,1.083,1.0791,0.00109,0.00109,0.00109,,,,,,,,
497,1.8769,1.0158,1.038,0.6458,0.63094,0.62981,0.26959,1.9271,1.0832,1.0792,0.001072,0.001072,0.001072,,,,,,,,
498,1.8688,1.0248,1.0419,0.64566,0.63113,0.62965,0.26946,1.9269,1.0828,1.0793,0.001054,0.001054,0.001054,,,,,,,,
499,1.8721,1.0172,1.0388,0.64491,0.63001,0.62927,0.26837,1.927,1.0825,1.0792,0.001036,0.001036,0.001036,,,,,,,,
500,1.8673,1.0251,1.0372,0.64167,0.63006,0.62578,0.26823,1.9274,1.0828,1.0794,0.001018,0.001018,0.001018,,,,,,,,
501,1.8702,1.02,1.0392,0.64124,0.62728,0.62503,0.26769,1.9269,1.0827,1.0792,0.001,0.001,0.001,,,,,,,,
502,1.8848,1.0269,1.0363,0.64563,0.62849,0.62906,0.26865,1.9272,1.0828,1.0793,0.000982,0.000982,0.000982,,,,,,,,
503,1.8703,1.0204,1.0357,0.64125,0.62312,0.62429,0.26884,1.9266,1.0821,1.0792,0.000964,0.000964,0.000964,,,,,,,,
504,1.8769,1.0246,1.0392,0.6444,0.63013,0.62935,0.27,1.9262,1.0824,1.0791,0.000946,0.000946,0.000946,,,,,,,,
505,1.8716,1.0175,1.0376,0.64294,0.62873,0.62741,0.26975,1.9258,1.0821,1.0791,0.000928,0.000928,0.000928,,,,,,,,
506,1.8726,1.0171,1.0376,0.64185,0.62614,0.62571,0.26969,1.9254,1.0823,1.0789,0.00091,0.00091,0.00091,,,,,,,,
507,1.8684,1.0147,1.0394,0.64206,0.62814,0.62709,0.27124,1.9251,1.0817,1.0789,0.000892,0.000892,0.000892,,,,,,,,
508,1.8724,1.018,1.035,0.64232,0.63085,0.62756,0.272,1.9251,1.082,1.0788,0.000874,0.000874,0.000874,,,,,,,,
509,1.8738,1.0131,1.0345,0.64424,0.63426,0.63167,0.27172,1.9253,1.0824,1.0787,0.000856,0.000856,0.000856,,,,,,,,
510,1.8627,1.0155,1.034,0.64474,0.63231,0.63126,0.2717,1.9246,1.0823,1.0786,0.000838,0.000838,0.000838,,,,,,,,
511,1.8618,1.0149,1.0362,0.6435,0.63416,0.63097,0.27162,1.9244,1.0822,1.0785,0.00082,0.00082,0.00082,,,,,,,,
512,1.8648,1.0131,1.0339,0.64171,0.63459,0.63168,0.27017,1.9241,1.0821,1.0785,0.000802,0.000802,0.000802,,,,,,,,
513,1.8663,1.015,1.034,0.64391,0.63434,0.63323,0.27092,1.9246,1.0826,1.0786,0.000784,0.000784,0.000784,,,,,,,,
514,1.8742,1.0173,1.0391,0.64544,0.63612,0.6335,0.27091,1.9253,1.0827,1.0788,0.000766,0.000766,0.000766,,,,,,,,
515,1.869,1.028,1.0381,0.64227,0.63673,0.63402,0.27105,1.9253,1.0831,1.0786,0.000748,0.000748,0.000748,,,,,,,,
516,1.8617,1.0133,1.0321,0.64595,0.63224,0.63305,0.27094,1.9257,1.0833,1.0788,0.00073,0.00073,0.00073,,,,,,,,
517,1.8591,1.005,1.0341,0.64673,0.63162,0.63312,0.27031,1.9254,1.0832,1.0786,0.000712,0.000712,0.000712,,,,,,,,
518,1.8658,1.0087,1.0373,0.6461,0.63177,0.63372,0.27104,1.9254,1.0828,1.0786,0.000694,0.000694,0.000694,,,,,,,,
519,1.8717,1.0091,1.0334,0.64351,0.6311,0.6326,0.27038,1.9255,1.0825,1.0787,0.000676,0.000676,0.000676,,,,,,,,
520,1.865,1.017,1.0356,0.64544,0.63424,0.63348,0.27074,1.9251,1.0831,1.0787,0.000658,0.000658,0.000658,,,,,,,,
521,1.8679,1.014,1.037,0.64714,0.63166,0.63262,0.27044,1.9254,1.083,1.0788,0.00064,0.00064,0.00064,,,,,,,,
522,1.8552,1.0055,1.0338,0.64827,0.63357,0.63318,0.27038,1.925,1.0824,1.0786,0.000622,0.000622,0.000622,,,,,,,,
523,1.8647,1.0085,1.0356,0.64873,0.6294,0.63424,0.27065,1.9253,1.0826,1.0787,0.000604,0.000604,0.000604,,,,,,,,
524,1.861,1.011,1.0348,0.64717,0.62914,0.63289,0.27098,1.9249,1.0821,1.0785,0.000586,0.000586,0.000586,,,,,,,,
525,1.8623,1.0019,1.0307,0.64326,0.62342,0.62852,0.27045,1.9245,1.0819,1.0784,0.000568,0.000568,0.000568,,,,,,,,
526,1.8596,1.0075,1.0295,0.64651,0.62507,0.6329,0.27136,1.9245,1.0821,1.0784,0.00055,0.00055,0.00055,,,,,,,,
527,1.8677,1.0112,1.0303,0.64362,0.62269,0.62863,0.27072,1.9245,1.0815,1.0783,0.000532,0.000532,0.000532,,,,,,,,
528,1.8683,0.99946,1.0327,0.64295,0.62146,0.62877,0.27066,1.9245,1.081,1.0783,0.000514,0.000514,0.000514,,,,,,,,
529,1.8618,1.0062,1.0307,0.64328,0.62188,0.62042,0.26978,1.9248,1.0807,1.0783,0.000496,0.000496,0.000496,,,,,,,,
530,1.8556,1.0091,1.036,0.64722,0.62635,0.63237,0.27126,1.9247,1.0807,1.0782,0.000478,0.000478,0.000478,,,,,,,,
531,1.8572,1.002,1.034,0.64252,0.62182,0.62017,0.27008,1.9243,1.0799,1.078,0.00046,0.00046,0.00046,,,,,,,,
532,1.855,1.007,1.0352,0.64187,0.62196,0.61993,0.27005,1.9242,1.0801,1.078,0.000442,0.000442,0.000442,,,,,,,,
533,1.8646,0.9995,1.0335,0.64361,0.62372,0.62449,0.27085,1.9242,1.0802,1.078,0.000424,0.000424,0.000424,,,,,,,,
534,1.8549,0.99656,1.035,0.64482,0.62385,0.62455,0.2707,1.9236,1.0798,1.0779,0.000406,0.000406,0.000406,,,,,,,,
535,1.8664,1.011,1.034,0.64326,0.62484,0.62455,0.27083,1.9238,1.08,1.0781,0.000388,0.000388,0.000388,,,,,,,,
536,1.861,1.003,1.0299,0.64659,0.62217,0.62492,0.27059,1.9242,1.0805,1.0782,0.00037,0.00037,0.00037,,,,,,,,
537,1.8633,1.0053,1.0429,0.64858,0.6183,0.62087,0.2702,1.9237,1.0799,1.0782,0.000352,0.000352,0.000352,,,,,,,,
538,1.8485,1.0004,1.0306,0.64929,0.61904,0.62488,0.27113,1.9238,1.0799,1.0783,0.000334,0.000334,0.000334,,,,,,,,
539,1.8519,1.0079,1.0323,0.6513,0.61894,0.62489,0.27093,1.9238,1.0799,1.0782,0.000316,0.000316,0.000316,,,,,,,,
540,1.8329,1.0304,1.0544,0.65089,0.61774,0.62492,0.27079,1.9234,1.0799,1.0782,0.000298,0.000298,0.000298,,,,,,,,
541,1.8358,1.022,1.0545,0.65952,0.61179,0.62512,0.27085,1.9228,1.0786,1.0781,0.00028,0.00028,0.00028,,,,,,,,
542,1.8402,1.0268,1.0541,0.66105,0.61475,0.62524,0.27049,1.9223,1.0794,1.0781,0.000262,0.000262,0.000262,,,,,,,,
543,1.8403,1.0306,1.0529,0.6587,0.61504,0.62501,0.27128,1.9223,1.0782,1.078,0.000244,0.000244,0.000244,,,,,,,,
544,1.8334,1.023,1.0548,0.65611,0.61603,0.62485,0.27106,1.9222,1.0788,1.078,0.000226,0.000226,0.000226,,,,,,,,
545,1.8335,1.012,1.0506,0.65569,0.61749,0.6255,0.27064,1.9223,1.0781,1.0781,0.000208,0.000208,0.000208,,,,,,,,
546,1.8298,1.0187,1.0518,0.65785,0.61871,0.62765,0.271,1.9226,1.078,1.0782,0.00019,0.00019,0.00019,,,,,,,,
547,1.832,1.029,1.0513,0.65987,0.61776,0.62774,0.27079,1.9224,1.0772,1.078,0.000172,0.000172,0.000172,,,,,,,,
548,1.8384,1.0185,1.0525,0.65753,0.61822,0.62565,0.27025,1.9218,1.0764,1.078,0.000154,0.000154,0.000154,,,,,,,,
549,1.8343,1.0229,1.0528,0.66205,0.61995,0.62787,0.27021,1.9217,1.0764,1.0779,0.000136,0.000136,0.000136,,,,,,,,
