                  epoch,         train/box_loss,         train/cls_loss,         train/dfl_loss,   metrics/precision(B),      metrics/recall(B),       metrics/mAP50(B),    metrics/mAP50-95(B),           val/box_loss,           val/cls_loss,           val/dfl_loss,                 lr/pg0,                 lr/pg1,                 lr/pg2,,,,,,
0,3.3885,3.6854,2.9082,0.06553,0.09965,0.06071,0.02475,2.6751,2.7455,2.072,0.0033313,0.0033313,0.0033313,,,,,,
1,2.597,2.7708,1.965,0.1101,0.12452,0.08864,0.03997,2.3139,2.3178,1.7336,0.0066526,0.0066526,0.0066526,,,,,,
2,2.3485,2.4955,1.7329,0.24032,0.15945,0.10663,0.04946,2.1353,2.1681,1.6237,0.0099619,0.0099619,0.0099619,,,,,,
3,2.1736,2.2812,1.6025,0.17659,0.16446,0.1323,0.06701,1.9962,1.9735,1.5091,0.009946,0.009946,0.009946,,,,,,
4,2.0356,2.094,1.5008,0.23504,0.20478,0.16605,0.08564,1.857,1.7944,1.4174,0.009946,0.009946,0.009946,,,,,,
5,1.9374,1.9673,1.4327,0.24203,0.21912,0.17681,0.09414,1.7731,1.7236,1.3656,0.009928,0.009928,0.009928,,,,,"YOLOv8-XYWNet-maxf summary (fused): 338 layers, 1810405 parameters, 0 gradients",
6,1.877,1.8959,1.3816,0.30347,0.22856,0.20065,0.10871,1.7568,1.698,1.3364,0.00991,0.00991,0.00991,,,,,"val: Scanning D:\pycharm\PyCharm Community Edition 2023.2.1\dataset\VisDrone\VisDrone2019-DET-val\labels.cache... 548 images, 0 backgrounds, 0 corrupt: 100%|鈻堚枅鈻堚枅鈻堚枅鈻堚枅鈻堚枅| 548/548 [00:00<?, ?it/s]",
7,1.8641,1.8644,1.3429,0.2974,0.23861,0.2071,0.11352,1.7676,1.6823,1.2964,0.009892,0.009892,0.009892,,,,,"                 Class     Images  Instances      Box(P          R      mAP50  mAP50-95): 100%|鈻堚枅鈻堚枅鈻堚枅鈻堚枅鈻堚枅| 137/137 [00:12<00:00, 10.70it/s]",
8,1.8489,1.838,1.3068,0.31184,0.25886,0.22907,0.12555,1.7151,1.6173,1.2623,0.009874,0.009874,0.009874,,,,,                   all        548      38759      0.575      0.446      0.477      0.289,
9,1.8214,1.7926,1.2824,0.32978,0.26294,0.24005,0.13389,1.6949,1.6035,1.2443,0.009856,0.009856,0.009856,,,,,            pedestrian        548       8844      0.681       0.47      0.557      0.274,
10,1.7889,1.7442,1.2638,0.31936,0.26986,0.24726,0.13924,1.6615,1.5618,1.2261,0.009838,0.009838,0.009838,,,,,                people        548       5125      0.628      0.385      0.449      0.191,
11,1.7702,1.7065,1.2491,0.34808,0.28918,0.26116,0.14617,1.6567,1.5292,1.2166,0.00982,0.00982,0.00982,,,,,               bicycle        548       1287      0.353      0.235      0.212     0.0973,
12,1.7526,1.6852,1.2351,0.34693,0.28819,0.2626,0.14735,1.6376,1.5097,1.2072,0.009802,0.009802,0.009802,,,,,                   car        548      14064      0.778      0.824      0.857      0.624,
13,1.7332,1.652,1.226,0.36961,0.3007,0.28057,0.15844,1.6155,1.4795,1.194,0.009784,0.009784,0.009784,,,,,                   van        548       1975       0.61       0.49      0.526      0.376,
14,1.719,1.6206,1.2126,0.39041,0.30848,0.29213,0.16793,1.5965,1.4534,1.1854,0.009766,0.009766,0.009766,,,,,                 truck        548        750      0.559      0.368      0.405       0.27,
15,1.7004,1.5988,1.2076,0.38198,0.29482,0.28401,0.16241,1.5928,1.4464,1.1746,0.009748,0.009748,0.009748,,,,,              tricycle        548       1045      0.499      0.362      0.372      0.213,
16,1.6966,1.5882,1.1992,0.38498,0.30727,0.29319,0.16826,1.586,1.4352,1.1727,0.00973,0.00973,0.00973,,,,,       awning-tricycle        548        532      0.357      0.253      0.219      0.139,
17,1.6805,1.564,1.1894,0.39269,0.317,0.30369,0.17349,1.5801,1.4157,1.1703,0.009712,0.009712,0.009712,,,,,                   bus        548        251       0.62      0.582      0.612      0.433,
18,1.6691,1.5459,1.1839,0.38901,0.32295,0.30641,0.17624,1.5591,1.4072,1.1595,0.009694,0.009694,0.009694,,,,,                 motor        548       4886      0.669      0.495       0.56      0.269,
19,1.6645,1.5324,1.1787,0.40684,0.33063,0.31523,0.1818,1.5486,1.3845,1.1534,0.009676,0.009676,0.009676,,,,,"Speed: 0.1ms preprocess, 10.6ms inference, 0.0ms loss, 1.9ms postprocess per image",
20,1.6491,1.5196,1.1731,0.42169,0.32215,0.31665,0.18399,1.5466,1.3708,1.153,0.009658,0.009658,0.009658,,,,,,
21,1.649,1.509,1.1672,0.41089,0.33247,0.31974,0.18503,1.5351,1.3667,1.1432,0.00964,0.00964,0.00964,,,,,,
22,1.6448,1.4977,1.1657,0.4081,0.33163,0.32294,0.18787,1.5339,1.3581,1.1422,0.009622,0.009622,0.009622,,,,,,
23,1.6297,1.4764,1.1605,0.4316,0.33018,0.33136,0.19404,1.5233,1.3413,1.1356,0.009604,0.009604,0.009604,,,,,,
24,1.6232,1.4726,1.1579,0.42462,0.34124,0.33168,0.19363,1.5164,1.3392,1.1342,0.009586,0.009586,0.009586,,,,,,
25,1.6145,1.4574,1.1497,0.4248,0.34035,0.33458,0.19583,1.5073,1.3257,1.1249,0.009568,0.009568,0.009568,,,,,,
26,1.604,1.4442,1.1458,0.41595,0.3434,0.33337,0.19581,1.5041,1.3255,1.1257,0.00955,0.00955,0.00955,,,,,,
27,1.6063,1.4437,1.1438,0.43334,0.34085,0.33948,0.19912,1.4964,1.3136,1.1205,0.009532,0.009532,0.009532,,,,,,
28,1.5969,1.4342,1.1405,0.44256,0.3391,0.3449,0.20304,1.4953,1.3087,1.1228,0.009514,0.009514,0.009514,,,,,,
29,1.5995,1.4236,1.1373,0.43974,0.34572,0.34685,0.20315,1.488,1.3013,1.1172,0.009496,0.009496,0.009496,,,,,,
30,1.5853,1.4142,1.1333,0.45998,0.34717,0.35466,0.20681,1.4897,1.2865,1.1146,0.009478,0.009478,0.009478,,,,,,
31,1.5887,1.4117,1.1353,0.44934,0.35333,0.35511,0.20929,1.4817,1.2828,1.1099,0.00946,0.00946,0.00946,,,,,,
32,1.5839,1.4061,1.136,0.45999,0.35018,0.35569,0.21013,1.4769,1.277,1.1074,0.009442,0.009442,0.009442,,,,,,
33,1.5815,1.3963,1.1293,0.45477,0.35583,0.35938,0.2125,1.4761,1.2733,1.1064,0.009424,0.009424,0.009424,,,,,, Average Precision  (AP) @[ IoU=0.50:0.95 | area=   all | maxDets=100 ] = 0.273
34,1.5745,1.3938,1.1275,0.45795,0.36,0.36109,0.2129,1.4744,1.2714,1.1052,0.009406,0.009406,0.009406,,,,,, Average Precision  (AP) @[ IoU=0.50      | area=   all | maxDets=100 ] = 0.459
35,1.5776,1.3918,1.1236,0.46254,0.35552,0.36359,0.21426,1.4728,1.2687,1.1032,0.009388,0.009388,0.009388,,,,,, Average Precision  (AP) @[ IoU=0.75      | area=   all | maxDets=100 ] = 0.278
36,1.5674,1.3768,1.1216,0.45306,0.3567,0.3618,0.21343,1.4672,1.2675,1.101,0.00937,0.00937,0.00937,,,,,, Average Precision  (AP) @[ IoU=0.50:0.95 | area= vtiny | maxDets=100 ] = 0.034
37,1.5738,1.3809,1.1184,0.46802,0.36013,0.36918,0.21684,1.4669,1.2586,1.0968,0.009352,0.009352,0.009352,,,,,, Average Precision  (AP) @[ IoU=0.50:0.95 | area=  tiny | maxDets=100 ] = 0.128
38,1.5684,1.376,1.1188,0.46492,0.36997,0.37191,0.21939,1.4639,1.2526,1.0958,0.009334,0.009334,0.009334,,,,,, Average Precision  (AP) @[ IoU=0.50:0.95 | area= small | maxDets=100 ] = 0.249
39,1.5709,1.37,1.1176,0.46288,0.36444,0.37222,0.21965,1.4617,1.251,1.0949,0.009316,0.009316,0.009316,,,,,, Average Precision  (AP) @[ IoU=0.50:0.95 | area=medium | maxDets=100 ] = 0.374
40,1.5652,1.3691,1.1146,0.47068,0.36845,0.37601,0.22147,1.4601,1.2433,1.0925,0.009298,0.009298,0.009298,,,,,, Average Precision  (AP) @[ IoU=0.50:0.95 | area= large | maxDets=100 ] = 0.395
41,1.5573,1.3566,1.1107,0.47297,0.36518,0.37773,0.22258,1.4586,1.2475,1.0913,0.00928,0.00928,0.00928,,,,,, Average Recall     (AR) @[ IoU=0.50:0.95 | area=   all | maxDets=  1 ] = 0.110
42,1.56,1.36,1.1129,0.4723,0.36751,0.37732,0.22503,1.4517,1.2373,1.0886,0.009262,0.009262,0.009262,,,,,, Average Recall     (AR) @[ IoU=0.50:0.95 | area=   all | maxDets= 10 ] = 0.326
43,1.555,1.3524,1.1061,0.47396,0.37281,0.38187,0.22515,1.4529,1.2318,1.0878,0.009244,0.009244,0.009244,,,,,, Average Recall     (AR) @[ IoU=0.50:0.95 | area=   all | maxDets=100 ] = 0.432
44,1.557,1.3546,1.1106,0.48351,0.37016,0.38193,0.22622,1.4476,1.2296,1.0863,0.009226,0.009226,0.009226,,,,,, Average Recall     (AR) @[ IoU=0.50:0.95 | area= small | maxDets=100 ] = 0.421
45,1.5549,1.344,1.1097,0.47553,0.37144,0.38034,0.22552,1.4471,1.2284,1.0844,0.009208,0.009208,0.009208,,,,,, Average Recall     (AR) @[ IoU=0.50:0.95 | area=medium | maxDets=100 ] = 0.557
46,1.5527,1.3458,1.1072,0.47253,0.37922,0.38357,0.22739,1.4414,1.222,1.0829,0.00919,0.00919,0.00919,,,,,, Average Recall     (AR) @[ IoU=0.50:0.95 | area= large | maxDets=100 ] = 0.550
47,1.5449,1.3304,1.1041,0.48297,0.37033,0.38461,0.22734,1.4435,1.2218,1.0826,0.009172,0.009172,0.009172,,,,,,
48,1.5364,1.3264,1.0994,0.48343,0.37269,0.3871,0.22935,1.4411,1.2185,1.0805,0.009154,0.009154,0.009154,,,,,,
49,1.5483,1.3348,1.0989,0.48587,0.38272,0.39098,0.23107,1.4346,1.2096,1.0798,0.009136,0.009136,0.009136,,,,,,
50,1.5445,1.3291,1.0998,0.48633,0.37212,0.3874,0.22984,1.4358,1.2119,1.0789,0.009118,0.009118,0.009118,,,,,,
51,1.5452,1.325,1.0994,0.49257,0.38558,0.39696,0.23466,1.435,1.2025,1.0766,0.0091,0.0091,0.0091,,,,,,
52,1.532,1.3223,1.098,0.48699,0.37861,0.39452,0.23412,1.4358,1.2047,1.0774,0.009082,0.009082,0.009082,,,,,,
53,1.5343,1.3127,1.0961,0.48204,0.3881,0.39585,0.23599,1.4317,1.2026,1.0752,0.009064,0.009064,0.009064,,,,,,
54,1.5384,1.3193,1.0972,0.48793,0.3834,0.39522,0.23572,1.4254,1.1979,1.0728,0.009046,0.009046,0.009046,,,,,,
55,1.5305,1.3134,1.0958,0.49756,0.38742,0.39713,0.23558,1.4282,1.1966,1.0733,0.009028,0.009028,0.009028,,,,,,
56,1.5293,1.3087,1.0936,0.49114,0.3816,0.39734,0.23608,1.4294,1.1942,1.0738,0.00901,0.00901,0.00901,,,,,,
57,1.5335,1.2975,1.0887,0.50214,0.38627,0.40018,0.23843,1.4254,1.1898,1.071,0.008992,0.008992,0.008992,,,,,,
58,1.5242,1.3024,1.0938,0.50064,0.38893,0.40093,0.23773,1.4274,1.1885,1.0725,0.008974,0.008974,0.008974,,,,,,
59,1.5243,1.2941,1.0935,0.48981,0.39033,0.39995,0.23746,1.4227,1.1843,1.0698,0.008956,0.008956,0.008956,,,,,,
60,1.5245,1.2971,1.089,0.49257,0.39287,0.4008,0.23861,1.4222,1.1862,1.07,0.008938,0.008938,0.008938,,,,,,
61,1.5249,1.2992,1.087,0.48801,0.39875,0.40479,0.24022,1.4219,1.1819,1.0689,0.00892,0.00892,0.00892,,,,,,
62,1.517,1.2938,1.0904,0.50002,0.39248,0.40364,0.24102,1.4158,1.1795,1.0676,0.008902,0.008902,0.008902,,,,,,
63,1.5225,1.2883,1.0864,0.50809,0.38792,0.40591,0.24324,1.4193,1.1807,1.0678,0.008884,0.008884,0.008884,,,,,,
64,1.5168,1.2841,1.0856,0.50793,0.39199,0.40933,0.24413,1.4153,1.1755,1.0672,0.008866,0.008866,0.008866,,,,,,
65,1.5043,1.2706,1.0829,0.50815,0.39082,0.40644,0.243,1.4175,1.1747,1.0665,0.008848,0.008848,0.008848,,,,,,
66,1.5146,1.2839,1.0832,0.50258,0.39748,0.40818,0.24351,1.4127,1.1706,1.0642,0.00883,0.00883,0.00883,,,,,,
67,1.5137,1.2764,1.0792,0.51104,0.39915,0.41159,0.24565,1.4114,1.1678,1.0636,0.008812,0.008812,0.008812,,,,,,
68,1.5107,1.2767,1.0827,0.49766,0.40082,0.41085,0.2448,1.4122,1.1672,1.0628,0.008794,0.008794,0.008794,,,,,,
69,1.5094,1.2756,1.0825,0.50169,0.40004,0.41184,0.24568,1.4091,1.1656,1.0627,0.008776,0.008776,0.008776,,,,,,
70,1.51,1.2718,1.0817,0.49793,0.39854,0.41207,0.24657,1.4078,1.1635,1.0623,0.008758,0.008758,0.008758,,,,,,
71,1.508,1.2673,1.0802,0.49602,0.40309,0.41325,0.24704,1.4073,1.1606,1.0608,0.00874,0.00874,0.00874,,,,,,
72,1.5082,1.272,1.0791,0.49916,0.40185,0.41328,0.2471,1.4052,1.1603,1.0603,0.008722,0.008722,0.008722,,,,,,
73,1.5062,1.2669,1.0796,0.51429,0.3964,0.41356,0.24768,1.4056,1.1585,1.0603,0.008704,0.008704,0.008704,,,,,,
74,1.5052,1.2618,1.077,0.50417,0.40452,0.41513,0.24816,1.4058,1.158,1.0606,0.008686,0.008686,0.008686,,,,,,
75,1.505,1.2658,1.079,0.51048,0.40078,0.41447,0.24789,1.4042,1.1563,1.0593,0.008668,0.008668,0.008668,,,,,,
76,1.5054,1.2611,1.0777,0.51115,0.39744,0.41457,0.24837,1.4035,1.1534,1.059,0.00865,0.00865,0.00865,,,,,,
77,1.5013,1.2563,1.0778,0.51182,0.39843,0.41631,0.24863,1.4026,1.1522,1.058,0.008632,0.008632,0.008632,,,,,,
78,1.5004,1.2529,1.0736,0.51872,0.39531,0.41775,0.25011,1.4023,1.1493,1.0577,0.008614,0.008614,0.008614,,,,,,
79,1.4944,1.2491,1.0749,0.5116,0.39956,0.41907,0.25063,1.4022,1.1507,1.0581,0.008596,0.008596,0.008596,,,,,,
80,1.4955,1.2509,1.0734,0.50961,0.40494,0.4208,0.2514,1.3988,1.1472,1.0574,0.008578,0.008578,0.008578,,,,,,
81,1.4959,1.252,1.074,0.50377,0.40761,0.41952,0.25128,1.4003,1.1479,1.0577,0.00856,0.00856,0.00856,,,,,,
82,1.4959,1.2468,1.0752,0.51612,0.40025,0.42275,0.25256,1.399,1.1463,1.0569,0.008542,0.008542,0.008542,,,,,,
83,1.4911,1.2428,1.0721,0.51719,0.40421,0.42433,0.25427,1.3983,1.1435,1.0567,0.008524,0.008524,0.008524,,,,,,
84,1.4873,1.2385,1.0705,0.51064,0.40786,0.42401,0.25398,1.3974,1.143,1.0558,0.008506,0.008506,0.008506,,,,,,
85,1.4909,1.2396,1.0729,0.50975,0.40613,0.42416,0.25396,1.3957,1.1418,1.0548,0.008488,0.008488,0.008488,,,,,,
86,1.4912,1.2367,1.0724,0.51539,0.40799,0.4256,0.25514,1.3937,1.1399,1.0543,0.00847,0.00847,0.00847,,,,,,
87,1.4933,1.2389,1.0743,0.51411,0.40548,0.42445,0.25482,1.3938,1.1384,1.0546,0.008452,0.008452,0.008452,,,,,,
88,1.4901,1.2379,1.072,0.51465,0.40902,0.42659,0.2549,1.3921,1.1361,1.0532,0.008434,0.008434,0.008434,,,,,,
89,1.4898,1.2355,1.07,0.51964,0.41101,0.42759,0.25588,1.3922,1.1359,1.053,0.008416,0.008416,0.008416,,,,,,
90,1.4951,1.2424,1.0739,0.52147,0.40973,0.42926,0.25647,1.3922,1.1352,1.0528,0.008398,0.008398,0.008398,,,,,,
91,1.4928,1.2343,1.0695,0.52101,0.40864,0.43005,0.25716,1.3923,1.1336,1.0525,0.00838,0.00838,0.00838,,,,,,
92,1.4809,1.2297,1.0684,0.51394,0.41313,0.42995,0.25718,1.391,1.1315,1.052,0.008362,0.008362,0.008362,,,,,,
93,1.4889,1.2307,1.0691,0.5158,0.41118,0.42951,0.25737,1.3895,1.1307,1.0516,0.008344,0.008344,0.008344,,,,,,
94,1.4851,1.2274,1.069,0.51903,0.41078,0.429,0.25691,1.3889,1.1302,1.0506,0.008326,0.008326,0.008326,,,,,,
95,1.4872,1.2234,1.0687,0.51313,0.41339,0.42916,0.25733,1.388,1.1284,1.0501,0.008308,0.008308,0.008308,,,,,,
96,1.4867,1.2217,1.0649,0.5112,0.41346,0.42999,0.25803,1.3869,1.1275,1.0494,0.00829,0.00829,0.00829,,,,,,
97,1.4787,1.2181,1.0651,0.51791,0.41154,0.43015,0.25816,1.3876,1.1267,1.0495,0.008272,0.008272,0.008272,,,,,,
98,1.4863,1.2258,1.0665,0.51481,0.4142,0.43146,0.25916,1.3868,1.1254,1.0494,0.008254,0.008254,0.008254,,,,,,
99,1.4828,1.2249,1.0675,0.52168,0.41466,0.43301,0.25955,1.3855,1.1247,1.0491,0.008236,0.008236,0.008236,,,,,,
100,1.4759,1.2187,1.0665,0.51611,0.41747,0.43191,0.25958,1.3856,1.1243,1.049,0.008218,0.008218,0.008218,,,,,,
101,1.4819,1.2216,1.066,0.52046,0.41762,0.43249,0.26049,1.385,1.1234,1.0486,0.0082,0.0082,0.0082,,,,,,
102,1.4741,1.2121,1.0626,0.53137,0.4115,0.43311,0.26021,1.3836,1.1219,1.0477,0.008182,0.008182,0.008182,,,,,,
103,1.4808,1.2221,1.0673,0.52417,0.41389,0.43363,0.26055,1.3828,1.1216,1.0474,0.008164,0.008164,0.008164,,,,,,
104,1.4807,1.218,1.063,0.52197,0.41501,0.43416,0.26082,1.3829,1.1206,1.0472,0.008146,0.008146,0.008146,,,,,,
105,1.4803,1.2138,1.0615,0.5228,0.41704,0.43539,0.26133,1.3838,1.1205,1.047,0.008128,0.008128,0.008128,,,,,,
106,1.4734,1.2119,1.0633,0.51948,0.41865,0.43585,0.26199,1.3823,1.1195,1.0465,0.00811,0.00811,0.00811,,,,,,
107,1.4779,1.2104,1.0632,0.52228,0.41644,0.4357,0.26159,1.3825,1.1195,1.0465,0.008092,0.008092,0.008092,,,,,,
108,1.4739,1.2095,1.0611,0.52253,0.41795,0.43647,0.26257,1.3821,1.1173,1.0464,0.008074,0.008074,0.008074,,,,,,
109,1.4704,1.2111,1.0625,0.52677,0.41699,0.43667,0.26289,1.3822,1.1163,1.0462,0.008056,0.008056,0.008056,,,,,,
110,1.472,1.2073,1.0624,0.52765,0.41712,0.43735,0.26307,1.3811,1.1159,1.0458,0.008038,0.008038,0.008038,,,,,,
111,1.4729,1.2084,1.0622,0.52867,0.41863,0.43832,0.26317,1.3811,1.1153,1.0458,0.00802,0.00802,0.00802,,,,,,
112,1.4724,1.2103,1.0634,0.53067,0.41818,0.43882,0.26387,1.3815,1.1141,1.0459,0.008002,0.008002,0.008002,,,,,,
113,1.4764,1.2142,1.0629,0.52995,0.41696,0.43877,0.26389,1.3809,1.1142,1.0455,0.007984,0.007984,0.007984,,,,,,
114,1.4701,1.2041,1.0609,0.52974,0.41728,0.43891,0.26445,1.3802,1.1135,1.0454,0.007966,0.007966,0.007966,,,,,,
115,1.4747,1.206,1.0622,0.5291,0.41821,0.43961,0.26443,1.3797,1.1125,1.045,0.007948,0.007948,0.007948,,,,,,
116,1.469,1.1962,1.0579,0.53247,0.41667,0.4397,0.2647,1.3784,1.112,1.0446,0.00793,0.00793,0.00793,,,,,,
117,1.4685,1.1958,1.0613,0.53618,0.41523,0.4396,0.26478,1.3774,1.1113,1.0444,0.007912,0.007912,0.007912,,,,,,
118,1.4739,1.205,1.0625,0.52951,0.41988,0.44011,0.26484,1.3774,1.1101,1.0442,0.007894,0.007894,0.007894,,,,,,
119,1.4637,1.1924,1.0588,0.53212,0.41983,0.43974,0.26506,1.3771,1.1092,1.044,0.007876,0.007876,0.007876,,,,,,
120,1.4677,1.1991,1.0582,0.52776,0.42158,0.44057,0.26577,1.3767,1.1095,1.0437,0.007858,0.007858,0.007858,,,,,,
121,1.4621,1.1899,1.0567,0.52777,0.42309,0.44106,0.2657,1.3767,1.1084,1.0437,0.00784,0.00784,0.00784,,,,,,
122,1.465,1.1929,1.0587,0.52821,0.42131,0.44093,0.26569,1.3762,1.1083,1.0435,0.007822,0.007822,0.007822,,,,,,
123,1.4729,1.1966,1.06,0.52779,0.42099,0.44118,0.26616,1.3759,1.1078,1.0433,0.007804,0.007804,0.007804,,,,,,
124,1.4666,1.1913,1.0576,0.53406,0.41795,0.44128,0.26567,1.3753,1.1074,1.043,0.007786,0.007786,0.007786,,,,,,
125,1.4689,1.1975,1.0585,0.53661,0.41772,0.44196,0.26649,1.3749,1.1069,1.0429,0.007768,0.007768,0.007768,,,,,,
126,1.4622,1.1915,1.0569,0.5354,0.41741,0.4421,0.26664,1.3745,1.1055,1.0427,0.00775,0.00775,0.00775,,,,,,
127,1.463,1.1902,1.0577,0.53534,0.41744,0.4426,0.26661,1.3742,1.1054,1.0427,0.007732,0.007732,0.007732,,,,,,
128,1.4624,1.1944,1.0574,0.53569,0.41698,0.44312,0.26676,1.3744,1.1051,1.0427,0.007714,0.007714,0.007714,,,,,,
129,1.4661,1.1941,1.0551,0.53167,0.41935,0.44355,0.2668,1.3735,1.1043,1.0422,0.007696,0.007696,0.007696,,,,,,
130,1.4616,1.1881,1.055,0.53404,0.42077,0.44361,0.26685,1.3733,1.1037,1.042,0.007678,0.007678,0.007678,,,,,,
131,1.4624,1.1832,1.0566,0.53643,0.42037,0.44406,0.26752,1.3728,1.103,1.0419,0.00766,0.00766,0.00766,,,,,,
132,1.4593,1.1867,1.0579,0.53608,0.42025,0.44423,0.26764,1.3724,1.1025,1.0416,0.007642,0.007642,0.007642,,,,,,
133,1.4561,1.1849,1.0543,0.54052,0.41874,0.44459,0.26779,1.3725,1.1023,1.0415,0.007624,0.007624,0.007624,,,,,,
134,1.4621,1.1852,1.0579,0.53921,0.41931,0.44537,0.26799,1.372,1.1016,1.0414,0.007606,0.007606,0.007606,,,,,,
135,1.4586,1.1816,1.0569,0.53993,0.41995,0.44564,0.26792,1.3719,1.1009,1.0412,0.007588,0.007588,0.007588,,,,,,
136,1.4627,1.1858,1.0546,0.53907,0.42036,0.44525,0.26815,1.3718,1.1007,1.0411,0.00757,0.00757,0.00757,,,,,,
137,1.4641,1.1886,1.0588,0.53941,0.42046,0.4453,0.26814,1.3712,1.0998,1.0408,0.007552,0.007552,0.007552,,,,,,
138,1.4628,1.183,1.057,0.53824,0.42234,0.44549,0.268,1.3708,1.0995,1.0406,0.007534,0.007534,0.007534,,,,,,
139,1.4646,1.1829,1.0562,0.53717,0.42378,0.44551,0.26804,1.3704,1.0993,1.0404,0.007516,0.007516,0.007516,,,,,,
140,1.4584,1.1796,1.0543,0.53489,0.42529,0.44612,0.26832,1.37,1.0987,1.0403,0.007498,0.007498,0.007498,,,,,,
141,1.4596,1.1827,1.0545,0.53614,0.42433,0.44629,0.26852,1.37,1.0983,1.0402,0.00748,0.00748,0.00748,,,,,,
142,1.4574,1.172,1.053,0.53704,0.42521,0.44632,0.26878,1.3697,1.0979,1.0403,0.007462,0.007462,0.007462,,,,,,
143,1.4577,1.1751,1.0536,0.53783,0.42588,0.44654,0.26881,1.3696,1.0978,1.0402,0.007444,0.007444,0.007444,,,,,,
144,1.4533,1.1767,1.0543,0.53182,0.4289,0.44705,0.26911,1.3693,1.0971,1.04,0.007426,0.007426,0.007426,,,,,,
145,1.4576,1.1754,1.0546,0.53229,0.42856,0.447,0.26923,1.3688,1.097,1.0398,0.007408,0.007408,0.007408,,,,,,
146,1.4601,1.1797,1.0532,0.53093,0.43025,0.44722,0.2696,1.3688,1.0966,1.0396,0.00739,0.00739,0.00739,,,,,,
147,1.4535,1.1746,1.0534,0.53096,0.4301,0.44748,0.26978,1.3686,1.0957,1.0396,0.007372,0.007372,0.007372,,,,,,
148,1.4558,1.1732,1.0521,0.52992,0.4305,0.44749,0.26978,1.3684,1.0948,1.0393,0.007354,0.007354,0.007354,,,,,,
149,1.4548,1.1722,1.0537,0.53208,0.43115,0.44797,0.27009,1.3679,1.0948,1.0392,0.007336,0.007336,0.007336,,,,,,
150,1.4589,1.1733,1.053,0.53411,0.43052,0.44813,0.27007,1.3678,1.0946,1.0391,0.007318,0.007318,0.007318,,,,,,
151,1.4542,1.1774,1.0547,0.53347,0.43017,0.44854,0.27041,1.3677,1.0941,1.039,0.0073,0.0073,0.0073,,,,,,
152,1.454,1.1728,1.0538,0.53606,0.4291,0.44847,0.27042,1.3675,1.0935,1.0389,0.007282,0.007282,0.007282,,,,,,
153,1.4475,1.1681,1.0539,0.53545,0.42884,0.44876,0.27063,1.3674,1.0932,1.0388,0.007264,0.007264,0.007264,,,,,,
154,1.4527,1.1676,1.0515,0.53548,0.42873,0.44901,0.27079,1.3674,1.0928,1.0387,0.007246,0.007246,0.007246,,,,,,
155,1.45,1.1683,1.053,0.53816,0.42748,0.4494,0.27087,1.367,1.0924,1.0385,0.007228,0.007228,0.007228,,,,,,
156,1.4533,1.1728,1.0538,0.54079,0.42682,0.44935,0.27079,1.3669,1.0922,1.0384,0.00721,0.00721,0.00721,,,,,,
157,1.4494,1.1682,1.0529,0.54247,0.42559,0.44943,0.27093,1.3665,1.0919,1.0382,0.007192,0.007192,0.007192,,,,,,
158,1.4457,1.165,1.0501,0.54104,0.42676,0.44947,0.27091,1.366,1.0917,1.0379,0.007174,0.007174,0.007174,,,,,,
159,1.4491,1.1661,1.0514,0.53839,0.42784,0.44967,0.2711,1.3656,1.0913,1.0377,0.007156,0.007156,0.007156,,,,,,
160,1.4515,1.1643,1.0504,0.53965,0.42885,0.44996,0.27107,1.3653,1.091,1.0375,0.007138,0.007138,0.007138,,,,,,
161,1.4494,1.1654,1.0474,0.54326,0.4285,0.44988,0.27143,1.3651,1.0909,1.0374,0.00712,0.00712,0.00712,,,,,,
162,1.4503,1.1625,1.05,0.5471,0.42619,0.4505,0.27172,1.3651,1.0906,1.0372,0.007102,0.007102,0.007102,,,,,,
163,1.4509,1.1651,1.051,0.54569,0.42729,0.45055,0.27183,1.365,1.0902,1.0372,0.007084,0.007084,0.007084,,,,,,
164,1.4454,1.1623,1.0493,0.54881,0.42632,0.45065,0.27202,1.3647,1.0899,1.0371,0.007066,0.007066,0.007066,,,,,,
165,1.4436,1.1563,1.0494,0.54903,0.42674,0.45077,0.27223,1.3645,1.0898,1.037,0.007048,0.007048,0.007048,,,,,,
166,1.4457,1.1603,1.0495,0.54945,0.42642,0.45078,0.27224,1.3643,1.0898,1.0369,0.00703,0.00703,0.00703,,,,,,
167,1.4401,1.1566,1.0485,0.5501,0.42678,0.45101,0.27245,1.3644,1.0897,1.0369,0.007012,0.007012,0.007012,,,,,,
168,1.4451,1.1597,1.0519,0.55042,0.42658,0.45127,0.27252,1.364,1.0894,1.0368,0.006994,0.006994,0.006994,,,,,,
169,1.4475,1.1573,1.0474,0.55058,0.42726,0.45126,0.27271,1.3638,1.0891,1.0367,0.006976,0.006976,0.006976,,,,,,
170,1.4478,1.1595,1.0494,0.551,0.42749,0.45127,0.27262,1.3637,1.089,1.0366,0.006958,0.006958,0.006958,,,,,,
171,1.4422,1.1582,1.0483,0.55121,0.4274,0.45146,0.27279,1.3639,1.0886,1.0366,0.00694,0.00694,0.00694,,,,,,
172,1.4438,1.1544,1.0488,0.55161,0.42796,0.45162,0.27312,1.3638,1.0888,1.0366,0.006922,0.006922,0.006922,,,,,,
173,1.4498,1.161,1.0488,0.55188,0.42798,0.45192,0.27318,1.3638,1.0885,1.0366,0.006904,0.006904,0.006904,,,,,,
174,1.447,1.1617,1.0478,0.55263,0.42841,0.45186,0.27325,1.3636,1.0885,1.0365,0.006886,0.006886,0.006886,,,,,,
175,1.4479,1.1608,1.0491,0.55282,0.42879,0.45171,0.27324,1.3635,1.0884,1.0364,0.006868,0.006868,0.006868,,,,,,
176,1.4397,1.1525,1.049,0.55184,0.42987,0.45181,0.2732,1.3634,1.0884,1.0363,0.00685,0.00685,0.00685,,,,,,
177,1.4399,1.1543,1.0467,0.54918,0.43043,0.45191,0.27323,1.3631,1.0882,1.0362,0.006832,0.006832,0.006832,,,,,,
178,1.4379,1.1526,1.0483,0.55326,0.42867,0.45197,0.27329,1.3631,1.0882,1.0361,0.006814,0.006814,0.006814,,,,,,
179,1.4423,1.1555,1.0472,0.55348,0.4285,0.45166,0.2734,1.3629,1.0879,1.036,0.006796,0.006796,0.006796,,,,,,
180,1.4456,1.1507,1.0469,0.55133,0.42923,0.45184,0.27352,1.363,1.0877,1.036,0.006778,0.006778,0.006778,,,,,,
181,1.4438,1.1538,1.0472,0.54933,0.43014,0.45202,0.2736,1.3628,1.0876,1.0359,0.00676,0.00676,0.00676,,,,,,
182,1.444,1.1509,1.0461,0.54934,0.43007,0.45204,0.27371,1.3627,1.0876,1.0359,0.006742,0.006742,0.006742,,,,,,
183,1.444,1.1496,1.0446,0.55015,0.43024,0.45224,0.27381,1.3625,1.0876,1.0358,0.006724,0.006724,0.006724,,,,,,
184,1.4333,1.1441,1.0428,0.55204,0.42948,0.45227,0.27384,1.3625,1.0873,1.0357,0.006706,0.006706,0.006706,,,,,,
185,1.4446,1.155,1.0481,0.55465,0.42878,0.45229,0.27386,1.3624,1.0872,1.0356,0.006688,0.006688,0.006688,,,,,,
186,1.4394,1.1482,1.0429,0.55057,0.42998,0.45264,0.27405,1.3625,1.0872,1.0355,0.00667,0.00667,0.00667,,,,,,
187,1.4404,1.1503,1.049,0.55451,0.42839,0.45257,0.27409,1.3626,1.0873,1.0355,0.006652,0.006652,0.006652,,,,,,
188,1.4375,1.1444,1.0453,0.5528,0.42913,0.4528,0.2742,1.3624,1.0871,1.0355,0.006634,0.006634,0.006634,,,,,,
189,1.4388,1.1526,1.0476,0.55454,0.42767,0.45288,0.27419,1.3622,1.0872,1.0354,0.006616,0.006616,0.006616,,,,,,
190,1.4385,1.1466,1.0461,0.55078,0.4296,0.45322,0.27436,1.3621,1.087,1.0353,0.006598,0.006598,0.006598,,,,,,
191,1.4423,1.1513,1.0453,0.55513,0.42757,0.45342,0.27453,1.3621,1.0869,1.0353,0.00658,0.00658,0.00658,,,,,,
192,1.4424,1.149,1.046,0.55538,0.4278,0.45353,0.27462,1.3617,1.0868,1.0351,0.006562,0.006562,0.006562,,,,,,
193,1.4399,1.1465,1.0459,0.55141,0.42976,0.45352,0.27462,1.3617,1.0864,1.0351,0.006544,0.006544,0.006544,,,,,,
194,1.438,1.1441,1.0474,0.55189,0.42975,0.45345,0.27462,1.3616,1.0865,1.035,0.006526,0.006526,0.006526,,,,,,
195,1.4395,1.1434,1.046,0.55392,0.42842,0.45346,0.27457,1.3617,1.0865,1.035,0.006508,0.006508,0.006508,,,,,,
196,1.4384,1.1466,1.0458,0.55374,0.42867,0.4536,0.27457,1.3616,1.0863,1.0349,0.00649,0.00649,0.00649,,,,,,
197,1.4385,1.1445,1.0482,0.55545,0.42788,0.45379,0.27466,1.3617,1.0863,1.0348,0.006472,0.006472,0.006472,,,,,,
198,1.4378,1.1373,1.0457,0.55379,0.42894,0.45388,0.27496,1.3615,1.0863,1.0348,0.006454,0.006454,0.006454,,,,,,
199,1.4357,1.1366,1.0426,0.55435,0.42856,0.45418,0.27512,1.3615,1.0863,1.0348,0.006436,0.006436,0.006436,,,,,,
200,1.4341,1.1395,1.0437,0.55581,0.42647,0.4541,0.27485,1.3614,1.0861,1.0347,0.006418,0.006418,0.006418,,,,,,
201,1.4395,1.1404,1.0438,0.55313,0.42735,0.45433,0.27488,1.3614,1.086,1.0346,0.0064,0.0064,0.0064,,,,,,
202,1.4362,1.1392,1.0436,0.55124,0.42784,0.45438,0.27514,1.3614,1.0861,1.0347,0.006382,0.006382,0.006382,,,,,,
203,1.4327,1.1357,1.0414,0.55152,0.42825,0.45453,0.27507,1.3615,1.0861,1.0346,0.006364,0.006364,0.006364,,,,,,
204,1.4375,1.1433,1.045,0.55219,0.42813,0.45462,0.2752,1.3614,1.0859,1.0346,0.006346,0.006346,0.006346,,,,,,
205,1.4333,1.1401,1.0448,0.55244,0.42767,0.45471,0.27513,1.3614,1.0859,1.0346,0.006328,0.006328,0.006328,,,,,,
206,1.4371,1.135,1.0403,0.55031,0.42839,0.45476,0.27528,1.3615,1.086,1.0346,0.00631,0.00631,0.00631,,,,,,
207,1.4351,1.1443,1.0461,0.54937,0.43061,0.45473,0.27535,1.3615,1.086,1.0345,0.006292,0.006292,0.006292,,,,,,
208,1.4326,1.1359,1.041,0.54975,0.43076,0.45491,0.27543,1.3613,1.0857,1.0344,0.006274,0.006274,0.006274,,,,,,
209,1.4346,1.1386,1.0466,0.54983,0.43054,0.45508,0.27561,1.3611,1.0856,1.0343,0.006256,0.006256,0.006256,,,,,,
210,1.4368,1.1359,1.0453,0.54996,0.43067,0.45507,0.27561,1.3613,1.0858,1.0344,0.006238,0.006238,0.006238,,,,,,
211,1.4363,1.1355,1.0441,0.55014,0.43086,0.45512,0.27556,1.3614,1.0859,1.0344,0.00622,0.00622,0.00622,,,,,,
212,1.4372,1.1384,1.0426,0.54969,0.43085,0.45508,0.27558,1.3614,1.0858,1.0344,0.006202,0.006202,0.006202,,,,,,
213,1.4248,1.1371,1.0404,0.54993,0.43121,0.45521,0.27549,1.3612,1.0857,1.0343,0.006184,0.006184,0.006184,,,,,,
214,1.431,1.1346,1.042,0.54616,0.43295,0.45531,0.27551,1.3613,1.0856,1.0343,0.006166,0.006166,0.006166,,,,,,
215,1.4248,1.1274,1.0397,0.54803,0.43161,0.45528,0.27563,1.3612,1.0855,1.0343,0.006148,0.006148,0.006148,,,,,,
216,1.4314,1.1306,1.0426,0.54802,0.43159,0.45525,0.27561,1.3612,1.0855,1.0342,0.00613,0.00613,0.00613,,,,,,
217,1.4328,1.1355,1.0392,0.54761,0.43147,0.45536,0.27565,1.3612,1.0852,1.0342,0.006112,0.006112,0.006112,,,,,,
218,1.4341,1.1339,1.0429,0.54723,0.43117,0.45543,0.27573,1.361,1.0851,1.0342,0.006094,0.006094,0.006094,,,,,,
219,1.4308,1.132,1.0427,0.54742,0.43121,0.45547,0.27571,1.361,1.0851,1.0341,0.006076,0.006076,0.006076,,,,,,
220,1.4314,1.134,1.0446,0.55028,0.43031,0.45564,0.27576,1.3609,1.0849,1.0341,0.006058,0.006058,0.006058,,,,,,
221,1.4339,1.135,1.0453,0.54993,0.43018,0.45542,0.27585,1.3609,1.0849,1.0341,0.00604,0.00604,0.00604,,,,,,
222,1.4287,1.1266,1.0389,0.54946,0.43014,0.45546,0.27577,1.3607,1.0846,1.034,0.006022,0.006022,0.006022,,,,,,
223,1.4299,1.135,1.0445,0.54966,0.43028,0.45571,0.27581,1.3609,1.0847,1.0339,0.006004,0.006004,0.006004,,,,,,
224,1.4245,1.1304,1.0416,0.55173,0.42932,0.45564,0.27594,1.3605,1.0845,1.0338,0.005986,0.005986,0.005986,,,,,,
225,1.4339,1.13,1.0417,0.54996,0.43028,0.45589,0.276,1.3606,1.0843,1.0338,0.005968,0.005968,0.005968,,,,,,
226,1.4256,1.1283,1.0425,0.54992,0.4302,0.45574,0.2759,1.3606,1.0841,1.0338,0.00595,0.00595,0.00595,,,,,,
227,1.4358,1.129,1.0419,0.55045,0.43019,0.4559,0.27577,1.3604,1.0843,1.0338,0.005932,0.005932,0.005932,,,,,,
228,1.4268,1.128,1.0409,0.54909,0.43101,0.456,0.27598,1.3604,1.0843,1.0337,0.005914,0.005914,0.005914,,,,,,
229,1.4272,1.1271,1.0413,0.54848,0.43093,0.45592,0.2758,1.3605,1.0841,1.0337,0.005896,0.005896,0.005896,,,,,,
230,1.4262,1.1239,1.0388,0.5493,0.43135,0.45607,0.27603,1.3604,1.0839,1.0336,0.005878,0.005878,0.005878,,,,,,
231,1.4345,1.1295,1.0402,0.5495,0.43124,0.45624,0.27608,1.3604,1.0838,1.0335,0.00586,0.00586,0.00586,,,,,,
232,1.4244,1.1225,1.0413,0.5498,0.43191,0.45628,0.27611,1.3605,1.0839,1.0335,0.005842,0.005842,0.005842,,,,,,
233,1.4284,1.1291,1.0385,0.54963,0.43144,0.45631,0.27603,1.3604,1.0838,1.0335,0.005824,0.005824,0.005824,,,,,,
234,1.4273,1.1225,1.0415,0.54992,0.43194,0.45657,0.27624,1.36,1.0837,1.0334,0.005806,0.005806,0.005806,,,,,,
235,1.4259,1.1246,1.0416,0.55196,0.43097,0.45659,0.27633,1.36,1.0836,1.0334,0.005788,0.005788,0.005788,,,,,,
236,1.4249,1.1291,1.0397,0.55132,0.43258,0.45668,0.27619,1.3598,1.0836,1.0333,0.00577,0.00577,0.00577,,,,,,
237,1.4288,1.1284,1.0434,0.55158,0.43252,0.45684,0.27648,1.3598,1.0835,1.0333,0.005752,0.005752,0.005752,,,,,,
238,1.4264,1.1212,1.0387,0.55154,0.43276,0.45686,0.2764,1.3597,1.0834,1.0332,0.005734,0.005734,0.005734,,,,,,
239,1.4169,1.1213,1.0418,0.54968,0.43396,0.45692,0.27658,1.3598,1.0835,1.0332,0.005716,0.005716,0.005716,,,,,,
240,1.428,1.1264,1.041,0.54971,0.4341,0.45709,0.27656,1.3597,1.0835,1.0331,0.005698,0.005698,0.005698,,,,,,
241,1.4256,1.126,1.0393,0.54969,0.43412,0.45732,0.27664,1.3596,1.0835,1.0331,0.00568,0.00568,0.00568,,,,,,
242,1.4139,1.1125,1.0375,0.55009,0.43455,0.45733,0.27664,1.3598,1.0834,1.0331,0.005662,0.005662,0.005662,,,,,,
243,1.4171,1.1145,1.0359,0.55106,0.43414,0.45757,0.27671,1.3598,1.0835,1.033,0.005644,0.005644,0.005644,,,,,,
244,1.4223,1.1175,1.0354,0.55029,0.43434,0.45764,0.27664,1.3595,1.0831,1.0329,0.005626,0.005626,0.005626,,,,,,
245,1.4268,1.1221,1.039,0.55097,0.43423,0.4576,0.27683,1.3594,1.0832,1.0328,0.005608,0.005608,0.005608,,,,,,
246,1.4274,1.1215,1.0396,0.55074,0.43403,0.45783,0.27689,1.3594,1.0833,1.0327,0.00559,0.00559,0.00559,,,,,,
247,1.4248,1.121,1.0413,0.55054,0.43435,0.4578,0.2769,1.3594,1.0833,1.0327,0.005572,0.005572,0.005572,,,,,,
248,1.4206,1.1169,1.039,0.55073,0.4343,0.45826,0.27703,1.3592,1.0831,1.0327,0.005554,0.005554,0.005554,,,,,,
249,1.4277,1.1272,1.0425,0.55067,0.43451,0.45827,0.27725,1.3593,1.0833,1.0327,0.005536,0.005536,0.005536,,,,,,
250,1.4179,1.1147,1.0377,0.55136,0.43428,0.45817,0.27734,1.3591,1.0834,1.0327,0.005518,0.005518,0.005518,,,,,,
251,1.4286,1.1242,1.0406,0.55134,0.43424,0.45846,0.27743,1.3593,1.0835,1.0327,0.0055,0.0055,0.0055,,,,,,
252,1.422,1.1138,1.0367,0.5536,0.43349,0.45843,0.27731,1.3592,1.0835,1.0327,0.005482,0.005482,0.005482,,,,,,
253,1.4223,1.1194,1.0385,0.55356,0.43327,0.45839,0.27723,1.3592,1.0835,1.0326,0.005464,0.005464,0.005464,,,,,,
254,1.4257,1.1224,1.0393,0.55379,0.43319,0.4584,0.27731,1.359,1.0833,1.0326,0.005446,0.005446,0.005446,,,,,,
255,1.4234,1.1165,1.0385,0.55458,0.43325,0.45863,0.27739,1.3589,1.0832,1.0325,0.005428,0.005428,0.005428,,,,,,
256,1.4184,1.1145,1.0397,0.55154,0.43416,0.45883,0.27745,1.3591,1.0833,1.0326,0.00541,0.00541,0.00541,,,,,,
257,1.4211,1.1146,1.0381,0.55243,0.43419,0.45889,0.27758,1.3591,1.0833,1.0326,0.005392,0.005392,0.005392,,,,,,
258,1.4169,1.1099,1.0369,0.55536,0.43377,0.45887,0.27759,1.3588,1.0831,1.0324,0.005374,0.005374,0.005374,,,,,,
259,1.419,1.117,1.0367,0.55579,0.43355,0.45885,0.27759,1.3588,1.083,1.0324,0.005356,0.005356,0.005356,,,,,,
260,1.4287,1.1184,1.0369,0.55782,0.4328,0.45908,0.27768,1.3587,1.0829,1.0323,0.005338,0.005338,0.005338,,,,,,
261,1.4181,1.1146,1.0397,0.55432,0.43437,0.45908,0.27777,1.3586,1.0829,1.0323,0.00532,0.00532,0.00532,,,,,,
262,1.4213,1.1131,1.0373,0.55451,0.43422,0.45916,0.27772,1.3584,1.0826,1.0322,0.005302,0.005302,0.005302,,,,,,
263,1.4212,1.1129,1.0393,0.55709,0.43309,0.45937,0.27782,1.3583,1.0824,1.0321,0.005284,0.005284,0.005284,,,,,,
264,1.4293,1.1172,1.0389,0.55332,0.4357,0.45938,0.27762,1.3583,1.0825,1.0321,0.005266,0.005266,0.005266,,,,,,
265,1.4219,1.1152,1.0387,0.55562,0.43493,0.45936,0.27766,1.3583,1.0824,1.0321,0.005248,0.005248,0.005248,,,,,,
266,1.4248,1.1152,1.0379,0.55586,0.43469,0.45938,0.2778,1.3581,1.0824,1.032,0.00523,0.00523,0.00523,,,,,,
267,1.4215,1.1135,1.0394,0.55603,0.43481,0.45933,0.27775,1.3581,1.0822,1.032,0.005212,0.005212,0.005212,,,,,,
268,1.4196,1.1102,1.0378,0.55719,0.43317,0.45943,0.27787,1.3581,1.082,1.0319,0.005194,0.005194,0.005194,,,,,,
269,1.4209,1.1144,1.0385,0.5571,0.43287,0.45965,0.27778,1.3581,1.0821,1.0319,0.005176,0.005176,0.005176,,,,,,
270,1.4173,1.1136,1.0368,0.55551,0.43406,0.45936,0.27778,1.3581,1.082,1.0319,0.005158,0.005158,0.005158,,,,,,
271,1.4204,1.1146,1.0389,0.5555,0.43403,0.45966,0.27783,1.358,1.0819,1.0318,0.00514,0.00514,0.00514,,,,,,
272,1.4162,1.1091,1.037,0.5567,0.43444,0.45989,0.27792,1.358,1.0819,1.0317,0.005122,0.005122,0.005122,,,,,,
273,1.4109,1.1066,1.0341,0.55669,0.43488,0.4598,0.27804,1.3579,1.0819,1.0317,0.005104,0.005104,0.005104,,,,,,
274,1.419,1.1074,1.0388,0.55741,0.43484,0.45992,0.27796,1.358,1.0819,1.0316,0.005086,0.005086,0.005086,,,,,,
275,1.4134,1.1048,1.036,0.55885,0.43327,0.45988,0.27781,1.3577,1.0819,1.0315,0.005068,0.005068,0.005068,,,,,,
276,1.4161,1.1052,1.0358,0.55944,0.43316,0.45999,0.27798,1.3577,1.0816,1.0315,0.00505,0.00505,0.00505,,,,,,
277,1.4141,1.1084,1.0368,0.55739,0.43424,0.46012,0.27792,1.3577,1.082,1.0315,0.005032,0.005032,0.005032,,,,,,
278,1.4111,1.1029,1.0351,0.55973,0.43286,0.46008,0.27802,1.3576,1.0819,1.0314,0.005014,0.005014,0.005014,,,,,,
279,1.4237,1.1115,1.0377,0.55817,0.434,0.46046,0.27827,1.3575,1.0818,1.0314,0.004996,0.004996,0.004996,,,,,,
280,1.419,1.105,1.0362,0.55821,0.43444,0.46062,0.2784,1.3573,1.0818,1.0314,0.004978,0.004978,0.004978,,,,,,
281,1.4146,1.1035,1.0346,0.55939,0.43422,0.46093,0.27848,1.3572,1.0814,1.0313,0.00496,0.00496,0.00496,,,,,,
282,1.4154,1.1061,1.0349,0.55945,0.4345,0.46094,0.27854,1.3573,1.0813,1.0312,0.004942,0.004942,0.004942,,,,,,
283,1.4139,1.1031,1.0345,0.55888,0.43395,0.46068,0.27844,1.3572,1.0813,1.0312,0.004924,0.004924,0.004924,,,,,,
284,1.4206,1.1092,1.0365,0.55659,0.43658,0.46085,0.27847,1.3571,1.0811,1.0311,0.004906,0.004906,0.004906,,,,,,
285,1.4164,1.1069,1.0359,0.5568,0.43669,0.46075,0.27852,1.357,1.0809,1.031,0.004888,0.004888,0.004888,,,,,,
286,1.4089,1.0985,1.0339,0.55696,0.43686,0.46111,0.27889,1.3571,1.0811,1.031,0.00487,0.00487,0.00487,,,,,,
287,1.4122,1.1046,1.0338,0.558,0.43666,0.46091,0.27888,1.357,1.081,1.0309,0.004852,0.004852,0.004852,,,,,,
288,1.4155,1.1064,1.0345,0.55654,0.43762,0.46111,0.27883,1.3566,1.0812,1.0308,0.004834,0.004834,0.004834,,,,,,
289,1.4204,1.1081,1.0369,0.55678,0.43783,0.46115,0.27887,1.3567,1.0813,1.0308,0.004816,0.004816,0.004816,,,,,,
290,1.4175,1.1042,1.0342,0.55784,0.43741,0.46129,0.27931,1.3565,1.0811,1.0307,0.004798,0.004798,0.004798,,,,,,
291,1.4104,1.1014,1.0331,0.55836,0.43745,0.46147,0.27931,1.3566,1.081,1.0307,0.00478,0.00478,0.00478,,,,,,
292,1.4135,1.1019,1.0361,0.55899,0.43764,0.46144,0.2796,1.3566,1.0808,1.0307,0.004762,0.004762,0.004762,,,,,,
293,1.4181,1.1032,1.0346,0.5583,0.4373,0.46149,0.27944,1.3565,1.0807,1.0306,0.004744,0.004744,0.004744,,,,,,
294,1.4173,1.0997,1.0316,0.55689,0.43835,0.46159,0.27951,1.3565,1.0808,1.0306,0.004726,0.004726,0.004726,,,,,,
295,1.4101,1.0974,1.0334,0.56001,0.43758,0.46171,0.27961,1.3563,1.0808,1.0305,0.004708,0.004708,0.004708,,,,,,
296,1.4159,1.0997,1.0356,0.56011,0.43772,0.46179,0.27965,1.3564,1.0809,1.0305,0.00469,0.00469,0.00469,,,,,,
297,1.41,1.0977,1.0325,0.55951,0.43714,0.46198,0.27988,1.3564,1.0809,1.0305,0.004672,0.004672,0.004672,,,,,,
298,1.4133,1.1033,1.0351,0.55778,0.43833,0.46202,0.27977,1.3564,1.081,1.0304,0.004654,0.004654,0.004654,,,,,,
299,1.4139,1.1029,1.0321,0.55605,0.4396,0.4621,0.27992,1.3562,1.0809,1.0304,0.004636,0.004636,0.004636,,,,,,
300,1.4095,1.0985,1.0336,0.55848,0.43854,0.46208,0.27999,1.3562,1.0807,1.0304,0.004618,0.004618,0.004618,,,,,,
301,1.416,1.1035,1.0341,0.56131,0.43762,0.46237,0.28012,1.3563,1.0807,1.0303,0.0046,0.0046,0.0046,,,,,,
302,1.4127,1.0997,1.0341,0.55884,0.438,0.46225,0.28011,1.356,1.0807,1.0302,0.004582,0.004582,0.004582,,,,,,
303,1.414,1.1002,1.0339,0.55894,0.43847,0.46221,0.27987,1.356,1.0808,1.0302,0.004564,0.004564,0.004564,,,,,,
304,1.4137,1.101,1.0334,0.56008,0.43847,0.46241,0.27996,1.356,1.0808,1.0301,0.004546,0.004546,0.004546,,,,,,
305,1.4127,1.099,1.0351,0.56237,0.43732,0.46242,0.28002,1.356,1.0809,1.0301,0.004528,0.004528,0.004528,,,,,,
306,1.4105,1.0976,1.033,0.56255,0.43745,0.46237,0.2801,1.3561,1.0809,1.03,0.00451,0.00451,0.00451,,,,,,
307,1.4085,1.0981,1.032,0.56053,0.43822,0.46233,0.27996,1.3563,1.081,1.0301,0.004492,0.004492,0.004492,,,,,,
308,1.4088,1.0976,1.0307,0.55921,0.43979,0.46236,0.28021,1.3562,1.081,1.0301,0.004474,0.004474,0.004474,,,,,,
309,1.4127,1.1005,1.0362,0.55949,0.43978,0.46246,0.28022,1.3562,1.0811,1.03,0.004456,0.004456,0.004456,,,,,,
310,1.4066,1.0946,1.0331,0.55842,0.44087,0.46273,0.28044,1.3562,1.081,1.03,0.004438,0.004438,0.004438,,,,,,
311,1.406,1.0912,1.0327,0.55795,0.44122,0.46292,0.28059,1.3559,1.0806,1.0299,0.00442,0.00442,0.00442,,,,,,
312,1.412,1.097,1.0306,0.55889,0.44118,0.46304,0.2806,1.3557,1.0806,1.0298,0.004402,0.004402,0.004402,,,,,,
313,1.4073,1.0916,1.0309,0.5611,0.44011,0.46308,0.2806,1.3557,1.0804,1.0298,0.004384,0.004384,0.004384,,,,,,
314,1.4115,1.099,1.0351,0.56099,0.43984,0.46322,0.28059,1.3558,1.0804,1.0298,0.004366,0.004366,0.004366,,,,,,
315,1.4065,1.0929,1.0315,0.55949,0.44083,0.46337,0.28078,1.3554,1.0803,1.0297,0.004348,0.004348,0.004348,,,,,,
316,1.4114,1.0988,1.0317,0.55996,0.44086,0.46347,0.28073,1.3555,1.08,1.0297,0.00433,0.00433,0.00433,,,,,,
317,1.4052,1.0935,1.0334,0.56026,0.44095,0.4635,0.28093,1.3556,1.08,1.0297,0.004312,0.004312,0.004312,,,,,,
318,1.4088,1.0924,1.0323,0.55924,0.44206,0.46351,0.28089,1.3559,1.0803,1.0297,0.004294,0.004294,0.004294,,,,,,
319,1.4059,1.0903,1.0329,0.55994,0.4418,0.46373,0.2809,1.356,1.0804,1.0297,0.004276,0.004276,0.004276,,,,,,
320,1.4146,1.0975,1.0302,0.55969,0.44181,0.4638,0.28087,1.356,1.0805,1.0298,0.004258,0.004258,0.004258,,,,,,
321,1.4089,1.09,1.03,0.55892,0.44157,0.46396,0.28097,1.3561,1.0804,1.0297,0.00424,0.00424,0.00424,,,,,,
322,1.4096,1.0962,1.0322,0.55957,0.44205,0.46392,0.28089,1.3561,1.0802,1.0297,0.004222,0.004222,0.004222,,,,,,
323,1.4031,1.0862,1.0311,0.55955,0.4416,0.46374,0.28082,1.356,1.0804,1.0297,0.004204,0.004204,0.004204,,,,,,
324,1.4114,1.0923,1.0316,0.5597,0.44088,0.46382,0.2809,1.3558,1.08,1.0296,0.004186,0.004186,0.004186,,,,,,
325,1.4059,1.0863,1.0302,0.56047,0.44139,0.46395,0.28105,1.3557,1.0801,1.0296,0.004168,0.004168,0.004168,,,,,,
326,1.4088,1.0898,1.0327,0.56091,0.44163,0.46424,0.28114,1.3555,1.0796,1.0295,0.00415,0.00415,0.00415,,,,,,
327,1.4041,1.0874,1.0314,0.56153,0.44062,0.46414,0.28108,1.3556,1.0798,1.0295,0.004132,0.004132,0.004132,,,,,,
328,1.4057,1.0895,1.0335,0.56273,0.44069,0.46428,0.28125,1.3553,1.0797,1.0295,0.004114,0.004114,0.004114,,,,,,
329,1.4114,1.0918,1.0319,0.56259,0.44083,0.46412,0.28139,1.3553,1.0796,1.0294,0.004096,0.004096,0.004096,,,,,,
330,1.4077,1.0929,1.0313,0.56271,0.44046,0.46416,0.28142,1.3554,1.0797,1.0294,0.004078,0.004078,0.004078,,,,,,
331,1.4053,1.0897,1.0298,0.56266,0.44054,0.46458,0.28151,1.3554,1.0796,1.0294,0.00406,0.00406,0.00406,,,,,,
332,1.4058,1.0894,1.0321,0.56343,0.44059,0.4646,0.28155,1.3553,1.0797,1.0294,0.004042,0.004042,0.004042,,,,,,
333,1.4024,1.0852,1.0303,0.56328,0.44079,0.46472,0.28163,1.3551,1.0795,1.0293,0.004024,0.004024,0.004024,,,,,,
334,1.4019,1.0874,1.03,0.56382,0.44067,0.46472,0.28155,1.3551,1.0794,1.0293,0.004006,0.004006,0.004006,,,,,,
335,1.397,1.0827,1.0287,0.5659,0.43995,0.4647,0.28149,1.355,1.0793,1.0292,0.003988,0.003988,0.003988,,,,,,
336,1.4071,1.0881,1.0316,0.56569,0.43996,0.46491,0.28143,1.3548,1.079,1.0292,0.00397,0.00397,0.00397,,,,,,
337,1.4036,1.0875,1.0333,0.56417,0.44073,0.46509,0.28153,1.3548,1.079,1.0292,0.003952,0.003952,0.003952,,,,,,
338,1.4085,1.0881,1.0287,0.56446,0.44049,0.46531,0.2817,1.3548,1.0792,1.0292,0.003934,0.003934,0.003934,,,,,,
339,1.4096,1.0931,1.0338,0.56426,0.44035,0.46537,0.28142,1.3549,1.079,1.0292,0.003916,0.003916,0.003916,,,,,,
340,1.3993,1.0833,1.029,0.56391,0.44059,0.46544,0.28179,1.3547,1.0788,1.0291,0.003898,0.003898,0.003898,,,,,,
341,1.4064,1.0852,1.0295,0.56354,0.44034,0.46544,0.28184,1.3545,1.0785,1.0291,0.00388,0.00388,0.00388,,,,,,
342,1.3928,1.0798,1.0302,0.56426,0.4406,0.46554,0.28186,1.3543,1.0781,1.029,0.003862,0.003862,0.003862,,,,,,
343,1.4103,1.089,1.0306,0.56322,0.44111,0.46559,0.28187,1.3541,1.0782,1.0289,0.003844,0.003844,0.003844,,,,,,
344,1.4075,1.0862,1.0318,0.5624,0.44151,0.46572,0.28193,1.3543,1.0782,1.0289,0.003826,0.003826,0.003826,,,,,,
345,1.3992,1.0823,1.0289,0.56196,0.44136,0.46577,0.28203,1.3542,1.0779,1.0289,0.003808,0.003808,0.003808,,,,,,
346,1.3986,1.0801,1.0288,0.55998,0.44206,0.46568,0.2822,1.3542,1.0782,1.0288,0.00379,0.00379,0.00379,,,,,,
347,1.402,1.0812,1.0303,0.56019,0.44184,0.46585,0.28244,1.3541,1.0778,1.0288,0.003772,0.003772,0.003772,,,,,,
348,1.4043,1.0862,1.0263,0.55964,0.44178,0.46575,0.28248,1.354,1.0776,1.0288,0.003754,0.003754,0.003754,,,,,,
349,1.3992,1.0825,1.0308,0.5604,0.44182,0.46579,0.28262,1.3541,1.0776,1.0288,0.003736,0.003736,0.003736,,,,,,
350,1.4064,1.0855,1.0322,0.55845,0.44193,0.46569,0.2826,1.3542,1.0776,1.0288,0.003718,0.003718,0.003718,,,,,,
351,1.3974,1.075,1.0299,0.55862,0.44154,0.46597,0.28266,1.3541,1.0776,1.0288,0.0037,0.0037,0.0037,,,,,,
352,1.3989,1.0844,1.0304,0.55883,0.44167,0.46605,0.28252,1.3541,1.0776,1.0288,0.003682,0.003682,0.003682,,,,,,
353,1.4064,1.0874,1.0301,0.55712,0.4424,0.4659,0.28258,1.3537,1.0773,1.0287,0.003664,0.003664,0.003664,,,,,,
354,1.3982,1.0782,1.028,0.55559,0.44279,0.46598,0.28239,1.3537,1.0771,1.0287,0.003646,0.003646,0.003646,,,,,,
355,1.4007,1.0828,1.0312,0.55781,0.44195,0.46612,0.28253,1.3536,1.0769,1.0286,0.003628,0.003628,0.003628,,,,,,
356,1.3948,1.0777,1.0306,0.55696,0.443,0.4661,0.28255,1.3535,1.0766,1.0285,0.00361,0.00361,0.00361,,,,,,
357,1.3991,1.0765,1.0303,0.55729,0.44203,0.46573,0.28249,1.3535,1.0767,1.0285,0.003592,0.003592,0.003592,,,,,,
358,1.4013,1.0827,1.0327,0.55699,0.4414,0.46581,0.28248,1.3535,1.0766,1.0285,0.003574,0.003574,0.003574,,,,,,
359,1.3969,1.0771,1.0286,0.55816,0.44184,0.46585,0.28242,1.3536,1.0765,1.0284,0.003556,0.003556,0.003556,,,,,,
360,1.4018,1.0809,1.0305,0.55873,0.44166,0.46596,0.28262,1.3535,1.0763,1.0284,0.003538,0.003538,0.003538,,,,,,
361,1.4006,1.0805,1.0281,0.55824,0.44141,0.46589,0.28269,1.3535,1.0764,1.0284,0.00352,0.00352,0.00352,,,,,,
362,1.3971,1.0745,1.0288,0.55733,0.44224,0.46605,0.28273,1.3535,1.0763,1.0285,0.003502,0.003502,0.003502,,,,,,
363,1.3959,1.0745,1.0297,0.55568,0.4431,0.46623,0.28279,1.3533,1.0763,1.0284,0.003484,0.003484,0.003484,,,,,,
364,1.3973,1.0766,1.0278,0.55543,0.44307,0.46615,0.28278,1.3532,1.0758,1.0283,0.003466,0.003466,0.003466,,,,,,
365,1.3994,1.0736,1.032,0.55573,0.44233,0.46652,0.2828,1.353,1.0758,1.0282,0.003448,0.003448,0.003448,,,,,,
366,1.4006,1.0825,1.0312,0.55617,0.44225,0.46651,0.28296,1.353,1.0758,1.0282,0.00343,0.00343,0.00343,,,,,,
367,1.393,1.0735,1.0269,0.55669,0.4424,0.46638,0.28292,1.3527,1.0755,1.0282,0.003412,0.003412,0.003412,,,,,,
368,1.399,1.0734,1.028,0.55742,0.4424,0.46646,0.28291,1.3525,1.0754,1.0282,0.003394,0.003394,0.003394,,,,,,
369,1.397,1.0759,1.0277,0.55838,0.44209,0.46652,0.2829,1.3525,1.0756,1.0282,0.003376,0.003376,0.003376,,,,,,
370,1.4012,1.0806,1.0292,0.55705,0.44189,0.46655,0.28284,1.3525,1.0755,1.0282,0.003358,0.003358,0.003358,,,,,,
371,1.3982,1.0747,1.0289,0.55762,0.4419,0.46653,0.28281,1.3527,1.0755,1.0282,0.00334,0.00334,0.00334,,,,,,
372,1.3986,1.0769,1.0291,0.5573,0.44178,0.46654,0.28308,1.3527,1.0754,1.0282,0.003322,0.003322,0.003322,,,,,,
373,1.3978,1.076,1.028,0.55771,0.44163,0.46659,0.28291,1.3529,1.0754,1.0282,0.003304,0.003304,0.003304,,,,,,
374,1.3966,1.0735,1.0292,0.55872,0.44176,0.46651,0.28294,1.3526,1.0754,1.0282,0.003286,0.003286,0.003286,,,,,,
375,1.3993,1.0771,1.0293,0.55901,0.44189,0.46669,0.28312,1.3526,1.0753,1.0282,0.003268,0.003268,0.003268,,,,,,
376,1.3933,1.0671,1.0279,0.55947,0.44226,0.46679,0.28314,1.3527,1.0752,1.0282,0.00325,0.00325,0.00325,,,,,,
377,1.3979,1.077,1.0296,0.55733,0.443,0.4669,0.28321,1.3523,1.075,1.028,0.003232,0.003232,0.003232,,,,,,
378,1.399,1.0762,1.0295,0.55788,0.44281,0.4669,0.28309,1.3526,1.0751,1.028,0.003214,0.003214,0.003214,,,,,,
379,1.3909,1.0681,1.0287,0.55579,0.44352,0.46688,0.28323,1.3524,1.0749,1.028,0.003196,0.003196,0.003196,,,,,,
380,1.3975,1.0751,1.0307,0.55639,0.44359,0.46694,0.28337,1.3523,1.0748,1.0279,0.003178,0.003178,0.003178,,,,,,
381,1.3946,1.0713,1.0277,0.55441,0.44461,0.46714,0.28351,1.3523,1.0751,1.0279,0.00316,0.00316,0.00316,,,,,,
382,1.3965,1.071,1.0272,0.55565,0.44362,0.46718,0.28343,1.3522,1.0751,1.0279,0.003142,0.003142,0.003142,,,,,,
383,1.3961,1.0694,1.0266,0.55363,0.44455,0.46732,0.28346,1.3522,1.075,1.0278,0.003124,0.003124,0.003124,,,,,,
384,1.3943,1.0739,1.028,0.55222,0.44584,0.46756,0.28371,1.3523,1.0748,1.0278,0.003106,0.003106,0.003106,,,,,,
385,1.3956,1.0712,1.0283,0.55238,0.44552,0.4674,0.28371,1.3523,1.075,1.0278,0.003088,0.003088,0.003088,,,,,,
386,1.3963,1.0735,1.0286,0.55376,0.44617,0.46762,0.28371,1.3522,1.0749,1.0277,0.00307,0.00307,0.00307,,,,,,
387,1.3956,1.0711,1.0265,0.55286,0.44581,0.46756,0.28374,1.352,1.0749,1.0277,0.003052,0.003052,0.003052,,,,,,
388,1.3936,1.0667,1.0242,0.55291,0.44594,0.46764,0.28377,1.352,1.0748,1.0277,0.003034,0.003034,0.003034,,,,,,
389,1.3942,1.0667,1.0261,0.55129,0.44705,0.46767,0.2839,1.3517,1.0748,1.0276,0.003016,0.003016,0.003016,,,,,,
390,1.3966,1.0718,1.0279,0.55077,0.4471,0.46773,0.2839,1.3517,1.0743,1.0275,0.002998,0.002998,0.002998,,,,,,
391,1.3905,1.0689,1.0281,0.55286,0.44639,0.46772,0.28404,1.3517,1.0743,1.0275,0.00298,0.00298,0.00298,,,,,,
392,1.3904,1.065,1.0257,0.54925,0.44695,0.46786,0.28406,1.3516,1.0742,1.0275,0.002962,0.002962,0.002962,,,,,,
393,1.3915,1.0662,1.0258,0.55258,0.44658,0.46788,0.2841,1.3515,1.0741,1.0276,0.002944,0.002944,0.002944,,,,,,
394,1.3938,1.0642,1.0246,0.55038,0.44759,0.46775,0.28414,1.3516,1.074,1.0276,0.002926,0.002926,0.002926,,,,,,
395,1.3923,1.0665,1.0244,0.55086,0.44736,0.46785,0.28414,1.3515,1.0738,1.0275,0.002908,0.002908,0.002908,,,,,,
396,1.3939,1.0732,1.0271,0.55391,0.4455,0.46795,0.28424,1.3514,1.0736,1.0275,0.00289,0.00289,0.00289,,,,,,
397,1.3967,1.0691,1.0279,0.55464,0.44541,0.46787,0.28439,1.3516,1.0737,1.0275,0.002872,0.002872,0.002872,,,,,,
398,1.3996,1.0711,1.0278,0.55318,0.44575,0.46777,0.28443,1.3514,1.0736,1.0274,0.002854,0.002854,0.002854,,,,,,
399,1.3955,1.067,1.0231,0.55563,0.44467,0.46778,0.28455,1.3515,1.0737,1.0275,0.002836,0.002836,0.002836,,,,,,
400,1.3932,1.0689,1.0263,0.55303,0.44693,0.46782,0.28458,1.3516,1.0739,1.0274,0.002818,0.002818,0.002818,,,,,,
401,1.393,1.0705,1.0293,0.55488,0.44578,0.46803,0.28477,1.3516,1.0739,1.0274,0.0028,0.0028,0.0028,,,,,,
402,1.3943,1.0635,1.027,0.55407,0.44702,0.46803,0.28478,1.3517,1.0742,1.0275,0.002782,0.002782,0.002782,,,,,,
403,1.3945,1.0686,1.0267,0.55498,0.44746,0.46828,0.28482,1.3515,1.0741,1.0273,0.002764,0.002764,0.002764,,,,,,
404,1.3953,1.0687,1.0268,0.55492,0.44798,0.46864,0.28479,1.3514,1.0739,1.0273,0.002746,0.002746,0.002746,,,,,,
405,1.3929,1.0675,1.025,0.55157,0.44961,0.46843,0.28496,1.3513,1.0739,1.0273,0.002728,0.002728,0.002728,,,,,,
406,1.3923,1.0691,1.0243,0.55365,0.44888,0.46888,0.28498,1.3513,1.074,1.0273,0.00271,0.00271,0.00271,,,,,,
407,1.3958,1.0693,1.0267,0.55355,0.44875,0.46905,0.28502,1.3514,1.0739,1.0272,0.002692,0.002692,0.002692,,,,,,
408,1.394,1.0664,1.0267,0.55257,0.44985,0.46911,0.28494,1.3514,1.0739,1.0272,0.002674,0.002674,0.002674,,,,,,
409,1.39,1.0615,1.0277,0.55478,0.44835,0.46934,0.28513,1.3514,1.0739,1.0271,0.002656,0.002656,0.002656,,,,,,
410,1.3894,1.061,1.0251,0.55513,0.44849,0.46922,0.28513,1.3514,1.0738,1.0272,0.002638,0.002638,0.002638,,,,,,
411,1.3898,1.0647,1.0234,0.55491,0.44834,0.46938,0.28514,1.3512,1.0737,1.0271,0.00262,0.00262,0.00262,,,,,,
412,1.3887,1.0595,1.0245,0.55486,0.44827,0.46961,0.28514,1.351,1.0736,1.027,0.002602,0.002602,0.002602,,,,,,
413,1.3864,1.0629,1.0239,0.55389,0.44841,0.46941,0.28509,1.3509,1.0737,1.027,0.002584,0.002584,0.002584,,,,,,
414,1.3866,1.0622,1.0274,0.55427,0.44836,0.46967,0.28522,1.3509,1.0735,1.027,0.002566,0.002566,0.002566,,,,,,
415,1.3854,1.058,1.0239,0.55543,0.4471,0.46938,0.28535,1.3508,1.0736,1.0269,0.002548,0.002548,0.002548,,,,,,
416,1.3923,1.0625,1.0254,0.55547,0.44672,0.46945,0.28526,1.3507,1.0736,1.0269,0.00253,0.00253,0.00253,,,,,,
417,1.3918,1.0635,1.0257,0.55625,0.44656,0.46966,0.28535,1.3506,1.0736,1.0269,0.002512,0.002512,0.002512,,,,,,
418,1.3868,1.0589,1.0263,0.55623,0.44646,0.46988,0.28525,1.3507,1.0734,1.0269,0.002494,0.002494,0.002494,,,,,,
419,1.3877,1.062,1.0267,0.55622,0.4466,0.47005,0.28538,1.3507,1.0732,1.0268,0.002476,0.002476,0.002476,,,,,,
420,1.3869,1.0565,1.0243,0.55597,0.44644,0.46987,0.28546,1.3506,1.0732,1.0268,0.002458,0.002458,0.002458,,,,,,
421,1.3998,1.0686,1.0264,0.55484,0.44721,0.4702,0.2855,1.3506,1.0732,1.0268,0.00244,0.00244,0.00244,,,,,,
422,1.3837,1.0562,1.0243,0.55404,0.44851,0.47018,0.28543,1.3505,1.0731,1.0267,0.002422,0.002422,0.002422,,,,,,
423,1.3915,1.0598,1.0236,0.55548,0.44767,0.47014,0.2855,1.3507,1.0732,1.0268,0.002404,0.002404,0.002404,,,,,,
424,1.3841,1.0554,1.024,0.55453,0.44885,0.47025,0.28559,1.3506,1.0731,1.0267,0.002386,0.002386,0.002386,,,,,,
425,1.392,1.061,1.0258,0.55623,0.44769,0.47021,0.2855,1.3506,1.0731,1.0267,0.002368,0.002368,0.002368,,,,,,
426,1.3908,1.0576,1.0237,0.55513,0.44882,0.47023,0.28544,1.3504,1.073,1.0267,0.00235,0.00235,0.00235,,,,,,
427,1.3865,1.0588,1.0248,0.55584,0.44898,0.47047,0.28551,1.3504,1.0729,1.0266,0.002332,0.002332,0.002332,,,,,,
428,1.3869,1.0621,1.0248,0.55751,0.44809,0.47038,0.28556,1.3501,1.0726,1.0265,0.002314,0.002314,0.002314,,,,,,
429,1.3903,1.0595,1.0252,0.55589,0.44939,0.47068,0.28561,1.3502,1.0724,1.0265,0.002296,0.002296,0.002296,,,,,,
430,1.388,1.0571,1.0239,0.55561,0.44884,0.47046,0.28575,1.3504,1.0725,1.0264,0.002278,0.002278,0.002278,,,,,,
431,1.3832,1.0579,1.0221,0.55648,0.44889,0.47048,0.28548,1.3501,1.0725,1.0264,0.00226,0.00226,0.00226,,,,,,
432,1.3875,1.0552,1.0243,0.55704,0.44898,0.47045,0.28565,1.3502,1.0726,1.0264,0.002242,0.002242,0.002242,,,,,,
433,1.381,1.0494,1.0239,0.55546,0.44902,0.47018,0.28551,1.3502,1.0726,1.0263,0.002224,0.002224,0.002224,,,,,,
434,1.3772,1.0521,1.0225,0.55552,0.4491,0.47034,0.28557,1.3505,1.0728,1.0264,0.002206,0.002206,0.002206,,,,,,
435,1.3897,1.0584,1.0236,0.55365,0.4497,0.47023,0.28564,1.3505,1.0727,1.0264,0.002188,0.002188,0.002188,,,,,,
436,1.3829,1.0494,1.0217,0.55333,0.44974,0.47005,0.28571,1.3504,1.0725,1.0264,0.00217,0.00217,0.00217,,,,,,
437,1.3886,1.0536,1.0233,0.55375,0.44951,0.47015,0.28561,1.3503,1.0724,1.0263,0.002152,0.002152,0.002152,,,,,,
438,1.3781,1.0476,1.0208,0.55414,0.44938,0.4704,0.28571,1.3505,1.0727,1.0263,0.002134,0.002134,0.002134,,,,,,
439,1.3842,1.0503,1.0231,0.55469,0.4497,0.47032,0.28567,1.3505,1.0726,1.0264,0.002116,0.002116,0.002116,,,,,,
440,1.383,1.051,1.0218,0.55538,0.44994,0.47051,0.28561,1.3507,1.0729,1.0264,0.002098,0.002098,0.002098,,,,,,
441,1.3888,1.055,1.0274,0.55595,0.44968,0.47034,0.28562,1.3506,1.0731,1.0264,0.00208,0.00208,0.00208,,,,,,
442,1.379,1.0484,1.0212,0.55642,0.44997,0.47046,0.28569,1.3504,1.0728,1.0264,0.002062,0.002062,0.002062,,,,,,
443,1.3864,1.0554,1.0252,0.55648,0.44957,0.4705,0.28565,1.3504,1.0728,1.0264,0.002044,0.002044,0.002044,,,,,,
444,1.3841,1.0549,1.024,0.55719,0.45042,0.47062,0.28558,1.3506,1.0728,1.0265,0.002026,0.002026,0.002026,,,,,,
445,1.3895,1.0545,1.0212,0.55746,0.45035,0.4705,0.28564,1.3505,1.0729,1.0265,0.002008,0.002008,0.002008,,,,,,
446,1.3789,1.0476,1.0238,0.55698,0.45028,0.47053,0.28578,1.3504,1.0728,1.0264,0.00199,0.00199,0.00199,,,,,,
447,1.385,1.0527,1.0227,0.5557,0.45104,0.47056,0.2858,1.3504,1.0726,1.0264,0.001972,0.001972,0.001972,,,,,,
448,1.3764,1.0439,1.0202,0.55629,0.45112,0.47053,0.28586,1.3504,1.0727,1.0264,0.001954,0.001954,0.001954,,,,,,
449,1.3781,1.0489,1.022,0.55708,0.4506,0.47069,0.2856,1.3503,1.0726,1.0263,0.001936,0.001936,0.001936,,,,,,
450,1.3837,1.0485,1.0248,0.55901,0.44905,0.47061,0.28581,1.3503,1.0725,1.0264,0.001918,0.001918,0.001918,,,,,,
451,1.3808,1.0479,1.0227,0.55869,0.44897,0.47074,0.28586,1.3504,1.0727,1.0264,0.0019,0.0019,0.0019,,,,,,
452,1.3841,1.0507,1.0221,0.55859,0.449,0.47086,0.28603,1.3504,1.0726,1.0264,0.001882,0.001882,0.001882,,,,,,
453,1.3865,1.0506,1.0223,0.55753,0.45027,0.47056,0.28586,1.3507,1.0727,1.0265,0.001864,0.001864,0.001864,,,,,,
454,1.3828,1.0489,1.0217,0.55833,0.44849,0.47066,0.28577,1.3506,1.073,1.0264,0.001846,0.001846,0.001846,,,,,,
455,1.3795,1.0456,1.0194,0.55718,0.45009,0.47085,0.28573,1.3507,1.0729,1.0264,0.001828,0.001828,0.001828,,,,,,
456,1.3813,1.045,1.0214,0.55887,0.44822,0.4709,0.28585,1.3505,1.0729,1.0264,0.00181,0.00181,0.00181,,,,,,
457,1.3786,1.0491,1.0223,0.55776,0.44918,0.47085,0.28579,1.3507,1.0728,1.0264,0.001792,0.001792,0.001792,,,,,,
458,1.3777,1.0456,1.0226,0.55764,0.44926,0.47091,0.28596,1.3508,1.0729,1.0264,0.001774,0.001774,0.001774,,,,,,
459,1.3761,1.0462,1.0223,0.55774,0.44875,0.47071,0.28577,1.3508,1.0731,1.0264,0.001756,0.001756,0.001756,,,,,,
460,1.3754,1.0412,1.0205,0.5574,0.44868,0.47106,0.28568,1.3508,1.0731,1.0264,0.001738,0.001738,0.001738,,,,,,
461,1.3756,1.0413,1.0207,0.55791,0.44888,0.47117,0.28565,1.351,1.0733,1.0265,0.00172,0.00172,0.00172,,,,,,
462,1.3777,1.0469,1.0194,0.5576,0.44903,0.47102,0.28563,1.351,1.0732,1.0264,0.001702,0.001702,0.001702,,,,,,
463,1.3769,1.0429,1.0214,0.55905,0.44906,0.47108,0.28544,1.3509,1.0731,1.0264,0.001684,0.001684,0.001684,,,,,,
464,1.3834,1.045,1.0214,0.55864,0.44929,0.47107,0.2855,1.3508,1.0727,1.0263,0.001666,0.001666,0.001666,,,,,,
465,1.3837,1.0487,1.0232,0.55929,0.44969,0.47132,0.28541,1.351,1.073,1.0263,0.001648,0.001648,0.001648,,,,,,
466,1.3846,1.0447,1.0205,0.55893,0.44956,0.47124,0.28557,1.3508,1.073,1.0263,0.00163,0.00163,0.00163,,,,,,
467,1.3827,1.045,1.0263,0.55902,0.44937,0.47131,0.28549,1.351,1.0731,1.0264,0.001612,0.001612,0.001612,,,,,,
468,1.3774,1.0464,1.0221,0.55887,0.44971,0.47152,0.28583,1.3512,1.0728,1.0264,0.001594,0.001594,0.001594,,,,,,
469,1.3799,1.0405,1.0205,0.55773,0.4505,0.47164,0.28584,1.3511,1.0728,1.0264,0.001576,0.001576,0.001576,,,,,,
470,1.3861,1.0469,1.0245,0.55924,0.44879,0.47144,0.28564,1.3512,1.073,1.0264,0.001558,0.001558,0.001558,,,,,,
471,1.3761,1.0408,1.019,0.55919,0.44842,0.47131,0.28574,1.3511,1.073,1.0264,0.00154,0.00154,0.00154,,,,,,
472,1.3866,1.0487,1.0233,0.5596,0.44842,0.47144,0.2858,1.3513,1.073,1.0264,0.001522,0.001522,0.001522,,,,,,
473,1.3753,1.038,1.0205,0.55949,0.44758,0.471,0.28575,1.3513,1.0732,1.0264,0.001504,0.001504,0.001504,,,,,,
474,1.3779,1.0384,1.0193,0.55966,0.44754,0.4712,0.28576,1.3514,1.0732,1.0264,0.001486,0.001486,0.001486,,,,,,
475,1.38,1.0415,1.0192,0.56099,0.44656,0.47148,0.28586,1.3513,1.0733,1.0264,0.001468,0.001468,0.001468,,,,,,
476,1.3762,1.0376,1.0191,0.55912,0.44732,0.47117,0.28591,1.3513,1.0734,1.0264,0.00145,0.00145,0.00145,,,,,,
477,1.3746,1.0426,1.0204,0.5589,0.44756,0.47132,0.28578,1.3512,1.0733,1.0264,0.001432,0.001432,0.001432,,,,,,
478,1.3732,1.0395,1.0221,0.55914,0.44712,0.47128,0.28585,1.3515,1.0735,1.0264,0.001414,0.001414,0.001414,,,,,,
479,1.3799,1.0435,1.0196,0.5595,0.44697,0.47131,0.28603,1.3514,1.0735,1.0264,0.001396,0.001396,0.001396,,,,,,
480,1.386,1.0456,1.0223,0.55742,0.44789,0.47192,0.28611,1.3515,1.0735,1.0264,0.001378,0.001378,0.001378,,,,,,
481,1.3666,1.0383,1.0197,0.55764,0.44824,0.47154,0.28607,1.3513,1.0735,1.0263,0.00136,0.00136,0.00136,,,,,,
482,1.374,1.0387,1.0183,0.55542,0.44905,0.47149,0.28605,1.3511,1.0735,1.0263,0.001342,0.001342,0.001342,,,,,,
483,1.3729,1.0347,1.0178,0.55613,0.44911,0.47156,0.28592,1.3515,1.0737,1.0263,0.001324,0.001324,0.001324,,,,,,
484,1.3777,1.0364,1.0188,0.55582,0.44901,0.47141,0.28585,1.3514,1.0736,1.0263,0.001306,0.001306,0.001306,,,,,,
485,1.376,1.0378,1.0212,0.55838,0.44796,0.47165,0.28603,1.3513,1.0735,1.0264,0.001288,0.001288,0.001288,,,,,,
486,1.373,1.0379,1.0203,0.55841,0.44786,0.47146,0.28601,1.3513,1.0734,1.0263,0.00127,0.00127,0.00127,,,,,,
487,1.3744,1.0342,1.0216,0.5589,0.44835,0.47163,0.28594,1.3512,1.0734,1.0264,0.001252,0.001252,0.001252,,,,,,
488,1.3792,1.0369,1.0198,0.56133,0.44682,0.47171,0.28577,1.3512,1.0735,1.0263,0.001234,0.001234,0.001234,,,,,,
489,1.3734,1.0378,1.0207,0.56162,0.44673,0.47169,0.286,1.3512,1.0735,1.0263,0.001216,0.001216,0.001216,,,,,,
490,1.3791,1.0386,1.0222,0.55942,0.44687,0.47154,0.2859,1.3512,1.0736,1.0263,0.001198,0.001198,0.001198,,,,,,
491,1.3761,1.0356,1.0175,0.5598,0.44714,0.47188,0.28606,1.3513,1.0736,1.0263,0.00118,0.00118,0.00118,,,,,,
492,1.3763,1.0355,1.0195,0.56079,0.44651,0.47173,0.28616,1.3512,1.0734,1.0263,0.001162,0.001162,0.001162,,,,,,
493,1.3762,1.0415,1.0204,0.55852,0.44886,0.47188,0.28612,1.3511,1.0735,1.0264,0.001144,0.001144,0.001144,,,,,,
494,1.3764,1.0364,1.0213,0.55964,0.44758,0.472,0.28625,1.3508,1.0733,1.0262,0.001126,0.001126,0.001126,,,,,,
495,1.3779,1.0366,1.0187,0.56007,0.44835,0.47212,0.28624,1.3508,1.0734,1.0262,0.001108,0.001108,0.001108,,,,,,
496,1.375,1.0317,1.0181,0.56034,0.44825,0.47234,0.28635,1.3506,1.0733,1.0262,0.00109,0.00109,0.00109,,,,,,
497,1.3778,1.0391,1.02,0.56226,0.44722,0.47257,0.28635,1.3505,1.0735,1.0262,0.001072,0.001072,0.001072,,,,,,
498,1.3742,1.0331,1.0196,0.56305,0.44751,0.47288,0.28649,1.3504,1.0735,1.0261,0.001054,0.001054,0.001054,,,,,,
499,1.3711,1.0376,1.0189,0.56308,0.44746,0.47276,0.28627,1.3505,1.0733,1.0262,0.001036,0.001036,0.001036,,,,,,
500,1.3645,1.0278,1.019,0.5637,0.44765,0.47249,0.28647,1.3504,1.0732,1.0261,0.001018,0.001018,0.001018,,,,,,
501,1.3716,1.0343,1.0169,0.56493,0.44636,0.47247,0.28626,1.3505,1.0734,1.0261,0.001,0.001,0.001,,,,,,
502,1.3691,1.0337,1.0214,0.56345,0.44724,0.47256,0.28648,1.3505,1.0734,1.026,0.000982,0.000982,0.000982,,,,,,
503,1.3752,1.0371,1.0211,0.56289,0.44759,0.47256,0.28642,1.3506,1.0734,1.0261,0.000964,0.000964,0.000964,,,,,,
504,1.3674,1.0319,1.0184,0.56328,0.44769,0.47261,0.28648,1.3505,1.0735,1.026,0.000946,0.000946,0.000946,,,,,,
505,1.3756,1.0376,1.0203,0.56246,0.44764,0.47246,0.28636,1.3506,1.0735,1.026,0.000928,0.000928,0.000928,,,,,,
506,1.372,1.0328,1.0181,0.56253,0.44769,0.47227,0.28643,1.3506,1.0736,1.026,0.00091,0.00091,0.00091,,,,,,
507,1.3678,1.0291,1.0168,0.56327,0.44738,0.47243,0.28638,1.3505,1.0735,1.0259,0.000892,0.000892,0.000892,,,,,,
508,1.3677,1.0289,1.0174,0.56296,0.44774,0.47229,0.28631,1.3506,1.0734,1.0259,0.000874,0.000874,0.000874,,,,,,
509,1.3679,1.0257,1.0187,0.56283,0.44755,0.4728,0.28645,1.3508,1.0737,1.0259,0.000856,0.000856,0.000856,,,,,,
510,1.3654,1.0288,1.0181,0.56334,0.44783,0.47253,0.28632,1.3505,1.0739,1.0259,0.000838,0.000838,0.000838,,,,,,
511,1.368,1.0278,1.0195,0.56327,0.4484,0.47291,0.28627,1.3507,1.0738,1.0259,0.00082,0.00082,0.00082,,,,,,
512,1.3663,1.0246,1.016,0.56308,0.44849,0.47299,0.28633,1.3504,1.0737,1.0258,0.000802,0.000802,0.000802,,,,,,
513,1.3714,1.0293,1.0171,0.56349,0.44852,0.47305,0.28621,1.3504,1.0736,1.0258,0.000784,0.000784,0.000784,,,,,,
514,1.3715,1.0254,1.0177,0.56298,0.44898,0.47314,0.28636,1.3504,1.0736,1.0258,0.000766,0.000766,0.000766,,,,,,
515,1.3697,1.0278,1.0178,0.56394,0.44902,0.47346,0.28648,1.3503,1.0736,1.0257,0.000748,0.000748,0.000748,,,,,,
516,1.3751,1.0313,1.0182,0.56435,0.44918,0.4735,0.28637,1.3504,1.0737,1.0258,0.00073,0.00073,0.00073,,,,,,
517,1.3586,1.0216,1.0151,0.5644,0.44915,0.47356,0.28663,1.3503,1.0738,1.0258,0.000712,0.000712,0.000712,,,,,,
518,1.3628,1.0223,1.0182,0.56377,0.44883,0.47348,0.28644,1.3502,1.0738,1.0257,0.000694,0.000694,0.000694,,,,,,
519,1.3677,1.025,1.0151,0.56676,0.44826,0.47378,0.28655,1.3506,1.0741,1.0258,0.000676,0.000676,0.000676,,,,,,
520,1.3661,1.0228,1.0161,0.56448,0.44912,0.474,0.28657,1.3504,1.074,1.0257,0.000658,0.000658,0.000658,,,,,,
521,1.3652,1.0227,1.0171,0.56539,0.44919,0.47394,0.28652,1.3504,1.0741,1.0257,0.00064,0.00064,0.00064,,,,,,
522,1.368,1.024,1.0173,0.56448,0.44897,0.47393,0.28639,1.3505,1.0742,1.0257,0.000622,0.000622,0.000622,,,,,,
523,1.3641,1.023,1.0147,0.56661,0.44871,0.47402,0.28654,1.3505,1.0742,1.0257,0.000604,0.000604,0.000604,,,,,,
524,1.3688,1.0264,1.0202,0.56808,0.44766,0.47393,0.28653,1.3504,1.0742,1.0257,0.000586,0.000586,0.000586,,,,,,
525,1.3667,1.0259,1.0165,0.56787,0.44806,0.47355,0.28625,1.3506,1.0743,1.0257,0.000568,0.000568,0.000568,,,,,,
526,1.3692,1.0253,1.0167,0.56917,0.44689,0.4738,0.28639,1.3507,1.0743,1.0257,0.00055,0.00055,0.00055,,,,,,
527,1.3659,1.0268,1.0182,0.56676,0.44802,0.47378,0.2863,1.3508,1.0744,1.0258,0.000532,0.000532,0.000532,,,,,,
528,1.3735,1.0296,1.0158,0.5689,0.44673,0.47385,0.28641,1.3507,1.0743,1.0257,0.000514,0.000514,0.000514,,,,,,
529,1.3692,1.0231,1.0147,0.56617,0.44876,0.47377,0.28629,1.3507,1.0744,1.0257,0.000496,0.000496,0.000496,,,,,,
530,1.3626,1.0222,1.0139,0.56718,0.44795,0.47408,0.28639,1.3506,1.0742,1.0256,0.000478,0.000478,0.000478,,,,,,
531,1.3685,1.0215,1.0158,0.5694,0.44702,0.47444,0.28656,1.3506,1.0742,1.0257,0.00046,0.00046,0.00046,,,,,,
532,1.3652,1.0194,1.0134,0.56801,0.44689,0.47423,0.28649,1.3507,1.0739,1.0257,0.000442,0.000442,0.000442,,,,,,
533,1.3647,1.0204,1.0177,0.56805,0.44743,0.47429,0.28672,1.3506,1.0739,1.0257,0.000424,0.000424,0.000424,,,,,,
534,1.361,1.0186,1.0141,0.56763,0.44722,0.47412,0.28646,1.3508,1.0738,1.0256,0.000406,0.000406,0.000406,,,,,,
535,1.3655,1.0217,1.0128,0.56789,0.4475,0.4744,0.2865,1.351,1.0739,1.0257,0.000388,0.000388,0.000388,,,,,,
536,1.3639,1.0209,1.0161,0.56722,0.44748,0.47441,0.2866,1.3509,1.0741,1.0256,0.00037,0.00037,0.00037,,,,,,
537,1.3592,1.0176,1.0161,0.56782,0.44775,0.4746,0.28661,1.3509,1.0739,1.0256,0.000352,0.000352,0.000352,,,,,,
538,1.3723,1.0232,1.0179,0.57241,0.44539,0.47464,0.28671,1.3509,1.0737,1.0255,0.000334,0.000334,0.000334,,,,,,
539,1.3658,1.0198,1.0164,0.57188,0.44544,0.47467,0.2866,1.3511,1.0736,1.0256,0.000316,0.000316,0.000316,,,,,,
540,1.3707,1.0065,1.0273,0.57203,0.44556,0.47486,0.2868,1.3509,1.0734,1.0255,0.000298,0.000298,0.000298,,,,,,
541,1.3604,0.99708,1.0227,0.57242,0.445,0.47488,0.28688,1.3509,1.0735,1.0255,0.00028,0.00028,0.00028,,,,,,
542,1.3591,0.99892,1.0226,0.57153,0.44515,0.47492,0.28681,1.3509,1.0735,1.0254,0.000262,0.000262,0.000262,,,,,,
543,1.3567,0.9935,1.022,0.57335,0.44384,0.47481,0.28683,1.3511,1.0735,1.0254,0.000244,0.000244,0.000244,,,,,,
544,1.3557,0.99358,1.0224,0.57404,0.44407,0.47502,0.28672,1.3511,1.0734,1.0254,0.000226,0.000226,0.000226,,,,,,
545,1.3557,0.99135,1.0234,0.57458,0.44502,0.47509,0.2866,1.3511,1.0733,1.0254,0.000208,0.000208,0.000208,,,,,,
546,1.3541,0.9901,1.0213,0.57455,0.44553,0.47529,0.28673,1.3511,1.0731,1.0254,0.00019,0.00019,0.00019,,,,,,
547,1.3534,0.99061,1.0221,0.57474,0.44538,0.47521,0.28675,1.3511,1.073,1.0254,0.000172,0.000172,0.000172,,,,,,
548,1.357,0.99149,1.0208,0.57162,0.44632,0.47522,0.28677,1.3512,1.073,1.0254,0.000154,0.000154,0.000154,,,,,,
549,1.3544,0.98917,1.022,0.57385,0.44562,0.47563,0.28682,1.3514,1.0727,1.0254,0.000136,0.000136,0.000136,,,,,,
